<?xml version="1.0" encoding="UTF-8"?>
<T3locallangExt>
  <data type="array">
    <languageKey index="it" type="array">
      <label index=".alttitle">Importa/Esporta</label>
      <label index=".description"/>
      <label index="_.image"/>
      <label index=".image_descr"/>
      <label index="export.alttitle"/>
      <label index="export.description"/>
      <label index="export.details"/>
      <label index="_export.seeAlso"/>
      <label index="_export.image"/>
      <label index="export.image_descr"/>
      <label index="pageTreeCfg.alttitle"/>
      <label index="pageTreeCfg.description"/>
      <label index="_pageTreeCfg.image"/>
      <label index="pageTreeDisplay.alttitle"/>
      <label index="pageTreeDisplay.description"/>
      <label index="pageTreeMode.alttitle">Livelli</label>
      <label index="pageTreeMode.description"/>
      <label index="pageTreeMode.details"/>
      <label index="_pageTreeMode.image"/>
      <label index="pageTreeRecordLimit.alttitle">Includi tabelle</label>
      <label index="pageTreeRecordLimit.description"/>
      <label index="pageTreeRecordLimit.details"/>
      <label index="singleRecord.alttitle">Esporta singolo record</label>
      <label index="singleRecord.description"/>
      <label index="_singleRecord.image"/>
      <label index="singleRecord.image_descr"/>
      <label index="tableList.alttitle">Esporta tabella</label>
      <label index="tableList.description"/>
      <label index="tableList.details"/>
      <label index="_tableList.image"/>
      <label index="tableList.image_descr"/>
      <label index="tableListMaxNumber.alttitle">Numero massimo da esportare</label>
      <label index="tableListMaxNumber.description"/>
      <label index="inclRelations.alttitle">Includi relazioni</label>
      <label index="inclRelations.description"/>
      <label index="inclRelations.details"/>
      <label index="_inclRelations.image"/>
      <label index="inclRelations.image_descr"/>
      <label index="staticRelations.alttitle"/>
      <label index="staticRelations.description"/>
      <label index="staticRelations.details"/>
      <label index="_staticRelations.image"/>
      <label index="staticRelations.image_descr"/>
      <label index="excludedElements.alttitle">Elementi esclusi</label>
      <label index="excludedElements.description"/>
      <label index="_excludedElements.image"/>
      <label index="htmlCssResources.alttitle"/>
      <label index="htmlCssResources.description"/>
      <label index="htmlCssResources.details"/>
      <label index="_htmlCssResources.image"/>
      <label index="htmlCssResources.image_descr"/>
      <label index="extensionDependencies.alttitle"/>
      <label index="extensionDependencies.description"/>
      <label index="extensionDependencies.details"/>
      <label index="_extensionDependencies.image"/>
      <label index="presets.alttitle"/>
      <label index="presets.description"/>
      <label index="presets.details"/>
      <label index="_presets.image"/>
      <label index="presets.image_descr"/>
      <label index="metadata.alttitle"/>
      <label index="metadata.description"/>
      <label index="metadata.details"/>
      <label index="_metadata.image"/>
      <label index="fileFormat.alttitle">Opzioni del formato file</label>
      <label index="fileFormat.description"/>
      <label index="fileFormat.details"/>
      <label index="_fileFormat.image"/>
      <label index="import.alttitle"/>
      <label index="import.description"/>
      <label index="import.details"/>
      <label index="_import.seeAlso"/>
      <label index="_import.image"/>
      <label index="importFile.alttitle">Seleziona il file da importare</label>
      <label index="importFile.description"/>
      <label index="_importFile.seeAlso"/>
      <label index="_importFile.image"/>
      <label index="update.alttitle"/>
      <label index="update.description"/>
      <label index="update.details"/>
      <label index="_update.image"/>
      <label index="update.image_descr"/>
      <label index="options.alttitle">Opzioni importazione</label>
      <label index="options.description"/>
      <label index="options.details"/>
      <label index="_options.image"/>
      <label index="options.image_descr"/>
      <label index="action.alttitle"/>
      <label index="action.description"/>
      <label index="_action.image"/>
      <label index="action.image_descr"/>
      <label index="enableLogging.alttitle"/>
      <label index="enableLogging.description"/>
      <label index="upload.alttitle"/>
      <label index="upload.description"/>
      <label index="upload.details"/>
      <label index="task.title"/>
      <label index="task.icon"/>
      <label index="task.public"/>
      <label index="task.owner"/>
      <label index="task.page"/>
      <label index="task.path"/>
      <label index="task.meta"/>
      <label index="task.own"/>
      <label index="notes"/>
      <label index="single-record"/>
      <label index="no-presets"/>
    </languageKey>
  </data>
</T3locallangExt>
