<?xml version="1.0" encoding="UTF-8"?>
<T3locallangExt>
  <data type="array">
    <languageKey index="it" type="array">
      <label index="OK">OK</label>
      <label index="Cancel">Annulla</label>
      <label index="Delete">Elimina</label>
      <label index="Close">Chiudi</label>
      <label index="Not set">Non configurato</label>
      <label index="General">Generale</label>
      <label index="Alignment:">Allineamento testo:</label>
      <label index="Alignment not set">Non configurato</label>
      <label index="Left">Sinistra</label>
      <label index="Center">Centrato</label>
      <label index="Right">Destra</label>
      <label index="Texttop">Texttop</label>
      <label index="Absmiddle">Absmiddle</label>
      <label index="Baseline">Baseline</label>
      <label index="Absbottom">Absbottom</label>
      <label index="Bottom">Bottom</label>
      <label index="Middle">Middle</label>
      <label index="Top">Top</label>
      <label index="Justify">Giustificato</label>
      <label index="Float:">Float:</label>
      <label index="Non-floating">Non-floating</label>
      <label index="Layout">Layout</label>
      <label index="Spacing and padding">Spaziatura e padding:</label>
      <label index="Horizontal:">Orizzontale</label>
      <label index="Horizontal padding">Padding orizzontale</label>
      <label index="Vertical:">Verticale:</label>
      <label index="Vertical padding">Padding verticale</label>
      <label index="Border">Bordo</label>
      <label index="Border thickness:">Spessore bordo:</label>
      <label index="Leave empty for no border">Lascia vuoto per non avere bordo</label>
      <label index="Insert/Modify Link">Inserisci/Modifica Link</label>
      <label index="Insert link">Inserisci link</label>
      <label index="Modify link">Modifica link</label>
      <label index="URL:">URL:</label>
      <label index="link_href_tooltip">Inserisci la URL (tooltip)</label>
      <label index="link_url_required">Inserisci la URL a cui punta questo link:</label>
      <label index="Title (tooltip):">Titolo (tooltip):</label>
      <label index="link_title_tooltip">Inserisci il tooltip del link:</label>
      <label index="Target:">Target:</label>
      <label index="link_target_tooltip">Seleziona il target frame</label>
      <label index="target_none">Nessuno</label>
      <label index="target_blank">Nuova finestra (_blank)</label>
      <label index="target_self">Stesso frame (_self)</label>
      <label index="target_top">Top frame (_top)</label>
      <label index="target_other">Altro frame</label>
      <label index="Insert Custom Element">Inserisci elemento personalizzato</label>
      <label index="Insert Table">Inserisci Tabella</label>
      <label index="Dimension">Dimensione</label>
      <label index="Rows:">Righe:</label>
      <label index="Number of rows">Numero di righe</label>
      <label index="You must enter a number of rows">&amp;Egrave; necessario inserire il numero di righe</label>
      <label index="Cols:">Colonne:</label>
      <label index="Number of columns">Numero di colonne</label>
      <label index="You must enter a number of columns">Devi inserire il numero di colonne</label>
      <label index="Width:">Larghezza:</label>
      <label index="Width of the table">Larghezza della tabella</label>
      <label index="Percent">Percentuale</label>
      <label index="Pixels">Pixel</label>
      <label index="Em">Em</label>
      <label index="Width unit">Unità di misura</label>
      <label index="Text alignment">Allineamento testo</label>
      <label index="Where the table should float">Specifica dove posizionare la tabella</label>
      <label index="Cell spacing:">Cell spacing:</label>
      <label index="Space between adjacent cells">Spazio tra celle adiacenti</label>
      <label index="Cell padding:">Cell padding:</label>
      <label index="Space between content and border in cell">Spazio tra il contenuto ed il bordo della cella</label>
      <label index="Insert Image">Inserisci/Modifica Immagine</label>
      <label index="Insert image">Inserisci immagine</label>
      <label index="Modify image">Modifica immagine</label>
      <label index="Image URL:">URL Immagine:</label>
      <label index="Enter the image URL here">Inserisci qui l'URL dell'immagine</label>
      <label index="Preview">Anteprima</label>
      <label index="Preview the image in a new window">Anteprima immagine in una nuova finestra</label>
      <label index="Alternate text:">Testo alternativo:</label>
      <label index="For browsers that dont support images">Per browser che non supportano le immagini</label>
      <label index="Where the image should float">Specifica dove posizionare l'immagine</label>
      <label index="Image alignment:">Allineamento immagine:</label>
      <label index="Positioning of this image">Posizione di questa immagine rispetto al testo</label>
      <label index="Image Preview">Anteprima immagine</label>
      <label index="image_url_first">Devi prima inserire la URL dell'immagine</label>
      <label index="image_url_required">Devi inserire la URL dell'immagine</label>
      <label index="Select Color">Seleziona colore</label>
      <label index="Insert/Modify Acronym">Inserisci/Modifica Acronimo o Abbreviazione</label>
      <label index="About HTMLArea">Info su htmlArea RTE</label>
      <label index="About">Info</label>
      <label index="free_editor">Un editor WYSIWYG libero per campi &lt;textarea&gt;</label>
      <label index="Browser support">Supporto Browser</label>
      <label index="Mozilla_or_IE">Per Firefox 1.5+, SeaMonkey 1.0+, Safari 3.0.4+, Google Chrome 1.0+ e Opera 9.62+ (ogni piattaforma), e Internet Explorer 6.0+ su Windows.</label>
      <label index="product_documentation">Per maggiori informazioni, visita:</label>
      <label index="All rights reserved.">Tutti i Diritti Riservati.</label>
      <label index="License">Licenza</label>
      <label index="htmlArea License (based on BSD license)">Licenza htmlArea RTE, basata sulla licenza BSD</label>
      <label index="Plugins">Plugin</label>
      <label index="Name">Nome</label>
      <label index="Developer">Sviluppatore</label>
      <label index="Sponsored by">Sponsorizzato da</label>
      <label index="The following plugins have been loaded.">Sono stai caricati i seguenti plugin.</label>
      <label index="No plugins have been loaded.">Non è stato caricato alcun plugin.</label>
      <label index="User agent reports:">Reports user agents:</label>
      <label index="style">Paragrafo:</label>
      <label index="Block style label">Stile blocco:</label>
      <label index="text_style">Stile testo:</label>
      <label index="LeftToRight">Da sinistra a destra</label>
      <label index="RightToLeft">Da destra a sinistra</label>
      <label index="Language">Lingua</label>
      <label index="Text direction">Direzione del testo</label>
      <label index="Language:">Lingua:</label>
      <label index="Text direction:">Direzione del testo:</label>
      <label index="No language mark">Nessuna lingua</label>
      <label index="Remove language mark">Rimuovi lingua</label>
      <label index="statusBarStyle">Stile</label>
      <label index="statusBarReady">Pronto</label>
      <label index="word">parola</label>
      <label index="words">parole</label>
    </languageKey>
  </data>
</T3locallangExt>
