<?xml version="1.0" encoding="UTF-8"?>
<T3locallangExt>
  <data type="array">
    <languageKey index="it" type="array">
      <label index="Path">Percorso</label>
      <label index="TEXT_MODE">Sei in MODALITA' TESTO</label>
      <label index="ActiveX-required">Il caricamento dell'editor in Internet Explorer richiede l'abilitazione all'esecuzione dei controlli ActiveX.</label>
      <label index="HTML-document-not-well-formed">Il documento HTML non è ben scritto.</label>
      <label index="Moz-Clipboard">Scripts senza l'autorizzazione non possono utilizzare le funzioni Taglia/Copia/Incolla. Clicca OK per visualizzare una nota tecnica in mozilla.org che ti mostrerà come permettere ad uno script di accedere alla clipboard.</label>
      <label index="Moz-Extension">Per motivi di sicurezza, le applicazioni senza permessi non possono accedere al 'clipboard'. Scegli  OK per installare un componente che permetterà all'applicazioni di questo sito di accedere alla 'clipboard' e permettere le operazioni di copia, taglio e incolla.</label>
      <label index="Moz-Extension-Success">L'installazione è riuscita. Devi uscire e rilanciare il browser per dare effetto alle modifiche.</label>
      <label index="Moz-Extension-Failure">Spiacenti, ma l'installazione non è andata a buon fine.</label>
      <label index="Moz-Extension-Install-Not-Enabled">L'installazione non può essere eseguita. E' necessario cambiare le impostazioni del browser per permettere l'installazione da questo sito.</label>
      <label index="Allow-Clipboard-Helper-Extension">Per motivi di sicurezza, le applicazioni senza permessi non possono accedere al clipboard. Premi OK per installare un componente che permetterà di indicari i siti o le pagine che avranno i permessi per accedere al clipboard ed eseguire le operazioni di copia, taglia e incolla.</label>
      <label index="Mozilla-Org-Install-Not-Enabled">L'installazione non può essere eseguita. E' necessario cambiare le impostazioni del browser per permettere l'installazione di software da http://ftp.mozilla.org.</label>
      <label index="Allow-Clipboard-Helper-Extension-Success">L'installazione è riuscita. Devi uscire e rilanciare il browser per dare effetto alle modifiche. Quindi usa AllowClipboard Helper dagli strumenti per abilitare siti specifici all'uso della clipboard.</label>
    </languageKey>
  </data>
</T3locallangExt>
