<?xml version="1.0" encoding="UTF-8"?>
<T3locallangExt>
  <data type="array">
    <languageKey index="it" type="array">
      <label index="adminLog">Log amministrazione</label>
      <label index="allUsers">[Tutti gli utenti]</label>
      <label index="any">[Qualsiasi]</label>
      <label index="live">LIVE</label>
      <label index="draft">Draft</label>
      <label index="self">Self</label>
      <label index="userGroup">Gruppo:</label>
      <label index="thisWeek">Questa settimana</label>
      <label index="lastWeek">Ultima settimana</label>
      <label index="last7Days">Ultimi 7 giorni</label>
      <label index="thisMonth">Questo mese</label>
      <label index="lastMonth">Ultimo mese</label>
      <label index="last31Days">Ultimi 31 giorni</label>
      <label index="noLimit">Nessun limite</label>
      <label index="userdefined"/>
      <label index="set"/>
      <label index="20">20</label>
      <label index="50">50</label>
      <label index="100">100</label>
      <label index="200">200</label>
      <label index="500">500</label>
      <label index="1000">1000</label>
      <label index="actionAll">Tutti</label>
      <label index="actionDatabase">Database</label>
      <label index="actionFile">File</label>
      <label index="actionCache"/>
      <label index="actionSettings">Configurazione</label>
      <label index="actionLogin">Login</label>
      <label index="actionErrors">Errori</label>
      <label index="group"/>
      <label index="user"/>
      <label index="users">Utenti:</label>
      <label index="time">Orario:</label>
      <label index="max">Massimo:</label>
      <label index="changesInFields">Modifiche ai campi: %s.</label>
      <label index="showHistory">Mostra storico</label>
      <label index="action">Azione:</label>
      <label index="workspace"/>
      <label index="groupByPage"/>
      <label index="pagenameWithUID"/>
      <label index="overview"/>
      <label index="timeInfo"/>
      <label index="forNonPageRelatedActions"/>
      <label index="forRootLevel"/>
      <label index="forPage"/>
      <label index="logForNonPageRelatedActionsOrRootLevelOrPage"/>
      <label index="type_1">DB</label>
      <label index="action_1_1">Inserimento</label>
      <label index="action_1_2">Aggiornamento</label>
      <label index="action_1_3">Eliminazione</label>
      <label index="action_1_4">Controllo</label>
      <label index="msg_1_0_1">Referer host '%s' e server host '%s' non sono lo stesso!</label>
      <label index="msg_1_1_11">Tentativo di inserire un record nella pagina '%s (%s) dove è non è consentito creare questo tipo di dato (%s)</label>
      <label index="msg_1_1_12">Tentativo di inserire un record nella pagina '%s' (%s) dalla tabella '%s' senza permessi, oppure pagina inesistente.</label>
      <label index="msg_1_2_1">Tentativo di modificare la tabella '%s' senza i permessi.</label>
      <label index="msg_1_2_2">Tentativo di modificare il record '%s' (%s) senza permessi, oppure pagina inesistente.</label>
      <label index="msg_1_2_10">Record '%s' (%s) è stato aggiornato.</label>
      <label index="msg_1_2_12">Errore del server MySQL: '%s' (%s)</label>
      <label index="msg_1_4_1">Tentativo di spostare il record '%s' (%s) dopo un record inesistente (uid=%s).</label>
      <label index="msg_1_4_2">Record '%s' (%s) spostato nella pagina '%s' (%s).</label>
      <label index="msg_1_4_3">Record '%s' (%s) spostato dalla pagina '%s' (%s).</label>
      <label index="msg_1_4_4">Record '%s' (%s) spostato nella pagina '%s' (%s).</label>
      <label index="msg_1_4_10">Tentativo di spostere la pagina '%s' (%s) verso la sua linea principale (alla pagina '%s' (%s))</label>
      <label index="msg_1_4_11">Tentativo di inserire il record sulla pagina '%s' (%s) nella quale è possibile accedere alla tabella %s</label>
      <label index="msg_1_4_12">Tentativo di inserire un record nella pagine '%s' (%s) dalla tabella '%s' senza avere i permessi necessari. Oppure la pagina non esiste.</label>
      <label index="msg_1_4_13">Tentativo di spostare il record '%s' (%s) dopo un altro record, sebbene la tabella non abbia un ordinamento per le righe.</label>
      <label index="msg_1_4_14">Tentativo di spostare il record '%s' (%s) senza i permessi necessari</label>
      <label index="msg_1_5_1">Non puoi modificare il parametro 'doktype' della pagina %s al valore desiderato.</label>
      <label index="msg_1_5_2">il 'doktype' della pagina '%s' non può essere modificato perché contiene dei record provenienti da tabelle non permesse; %s</label>
      <label index="msg_1_5_3">Non ci sono valori sufficenti nella lista. (%s)</label>
      <label index="msg_1_5_10">Impossibile cancellare il file '%s' (non esiste). (%s)</label>
      <label index="msg_1_5_11">Copia del file '%s' fallita!: Nessun file di destinazione (%s) possible!. (%s)</label>
      <label index="msg_1_5_12">Estensione '%s' non consentita. (%s)</label>
      <label index="msg_1_5_13">La dimensione (%s) del file '%s' supera il limite (%s). (%s)</label>
      <label index="msg_1_5_14">La destinazione (%s) o il file origine (%s) non esiste. (%s)</label>
      <label index="msg_1_5_15">Copiatura del file '%s' fallita! (%s)</label>
      <label index="msg_1_5_16">Copiatura del file '%s' fallita!: Il percorso di destinazione (%s) puo` essere protetto da scrittura. Abilitare la scrittura!. (%s)</label>
      <label index="type_2">File</label>
      <label index="action_2_1">Upload</label>
      <label index="action_2_2">Copia</label>
      <label index="action_2_3">Muovi</label>
      <label index="action_2_4">Elimina</label>
      <label index="action_2_5">Rinomina</label>
      <label index="action_2_6">Nuovo</label>
      <label index="action_2_7">Unzip</label>
      <label index="action_2_8">Nuovo file</label>
      <label index="action_2_9">Modifica</label>
      <label index="msg_2_9_1">File salvato su '%s', byte: %s, MD5: %s</label>
      <label index="type_3"/>
      <label index="action_3_1"/>
      <label index="type_254">Configurazione</label>
      <label index="action_254_1">Cambia</label>
      <label index="type_255">Login</label>
      <label index="action_255_1">Login</label>
      <label index="action_255_2">Logout</label>
      <label index="action_255_3">Tentativo</label>
    </languageKey>
  </data>
</T3locallangExt>
