<?xml version="1.0" encoding="UTF-8"?>
<T3locallangExt>
  <data type="array">
    <languageKey index="it" type="array">
      <label index="Type_of_abridged_form">Acronimo o Abbreviazione?</label>
      <label index="Term_to_abridge">Termine da accorciare</label>
      <label index="Defined_term">Acronimi e Abbreviazioni predefinite</label>
      <label index="Term">Termine:</label>
      <label index="Unabridged_term">Termine non abbreviato:</label>
      <label index="Select_a_term">Seleziona un termine</label>
      <label index="Abridged_term">Termine abbreviato:</label>
      <label index="Acronym">Acronimo</label>
      <label index="Abbreviation">Abbreviazione</label>
      <label index="Select_an_acronym">Seleziona un acronimo o un'abbreviazione</label>
      <label index="Use_this_term">Usa questo termine</label>
      <label index="Use_this_term_explain">Associa questo termine alla selezione corrente</label>
      <label index="OK">OK</label>
      <label index="Delete">Elimina</label>
      <label index="Cancel">Annulla</label>
      <label index="Language">Lingua:</label>
      <label index="Select_a_language">Seleziona una lingua:</label>
    </languageKey>
  </data>
</T3locallangExt>
