<?xml version="1.0" encoding="UTF-8"?>
<T3locallangExt>
  <data type="array">
    <languageKey index="it" type="array">
      <label index="tt_content.tx_cssstyledcontent_acctables">Accessibilità</label>
      <label index="tt_content.tx_cssstyledcontent_acctables_caption">Didascalia tabella (&lt;caption&gt;)</label>
      <label index="tt_content.tx_cssstyledcontent_acctables_summary">Sommario tabella (attributo "summary" nel tag &lt;table&gt;)</label>
      <label index="tt_content.tx_cssstyledcontent_acctables_tfoot">Usa table-footer (&lt;tfoot&gt;) nell'ultima riga</label>
      <label index="tt_content.tx_cssstyledcontent_acctables_headerpos.I.0">nessun header</label>
      <label index="tt_content.tx_cssstyledcontent_acctables_headerpos.I.1">top</label>
      <label index="tt_content.tx_cssstyledcontent_acctables_headerpos.I.2">left</label>
      <label index="tt_content.tx_cssstyledcontent_acctables_headerpos">Posizione dell'Header della tabella</label>
      <label index="tt_content.tx_cssstyledcontent_acctables_nostyles">Nessuno stile CSS per questa tabella</label>
      <label index="tt_content.tx_cssstyledcontent_acctables_tableclass">Classe CSS per questa tabella.</label>
      <label index="tt_content.tx_cssstyledcontent_tableparsing">parsing tabella</label>
      <label index="tt_content.tx_cssstyledcontent_tableparsing_quote">delimitatore del testo</label>
      <label index="tt_content.tx_cssstyledcontent_tableparsing_quote_none">nessuno</label>
      <label index="tt_content.tx_cssstyledcontent_tableparsing_quote_single">'</label>
      <label index="tt_content.tx_cssstyledcontent_tableparsing_quote_double">"</label>
      <label index="tt_content.tx_cssstyledcontent_tableparsing_delimiter">delimitatore dei campi</label>
      <label index="tt_content.tx_cssstyledcontent_tableparsing_delimiter_pipe">|</label>
      <label index="tt_content.tx_cssstyledcontent_tableparsing_delimiter_semicolon">;</label>
      <label index="tt_content.tx_cssstyledcontent_tableparsing_delimiter_colon">:</label>
      <label index="tt_content.tx_cssstyledcontent_tableparsing_delimiter_comma">,</label>
      <label index="tt_content.tx_cssstyledcontent_tableparsing_delimiter_tab">&lt;tab&gt;</label>
      <label index="tt_content.tx_cssstyledcontent_section_frame.I.9">No Frame</label>
      <label index="tt_content.tx_cssstyledcontent_section_frame.I.0">Default Frame</label>
    </languageKey>
  </data>
</T3locallangExt>
