<?xml version="1.0" encoding="utf-8" standalone="yes" ?>
<T3locallangExt>
	<data type="array">
		<languageKey index="it" type="array">
			<label index="title">Versioni</label>
			<label index="function1">Funzione #1</label>
			<label index="function2">Funzione #2</label>
			<label index="function3">Funzione #3</label>
		</languageKey>
	</data>
	<orig_hash type="array">
		<languageKey index="it" type="array">
			<label index="title" type="integer">26780425</label>
			<label index="function1" type="integer">209170062</label>
			<label index="function2" type="integer">109930407</label>
			<label index="function3" type="integer">258031659</label>
		</languageKey>
	</orig_hash>
	<orig_text type="array">
		<languageKey index="it" type="array">
			<label index="title">Versioning</label>
			<label index="function1">Function #1</label>
			<label index="function2">Function #2</label>
			<label index="function3">Function #3</label>
		</languageKey>
	</orig_text>
</T3locallangExt>