<?xml version="1.0" encoding="UTF-8"?>
<T3locallangExt>
  <data type="array">
    <languageKey index="it" type="array">
      <label index="tx_funcwizards.alttitle">Wizards</label>
      <label index="tx_funcwizards.description">Questo sottomodulo rende disponibile un framework al quale si possono aggiungere i wizards. I wizards attualmente disponibili permettono di creare pagine multiple, ordinare le pagine in ordine alfabetico, etc.</label>
      <label index="_tx_funcwizards.seeAlso"/>
    </languageKey>
  </data>
</T3locallangExt>
