<?xml version="1.0" encoding="UTF-8"?>
<T3locallangExt>
  <data type="array">
    <languageKey index="it" type="array">
      <label index="sys_note">Note interne</label>
      <label index="sys_note.category.I.1">Istruzioni</label>
      <label index="sys_note.category.I.2">Note</label>
      <label index="sys_note.category.I.3">To-do</label>
      <label index="sys_note.category.I.4">Template</label>
      <label index="sys_note.subject">Oggetto:</label>
      <label index="sys_note.message">Messaggio:</label>
      <label index="sys_note.personal">Personale:</label>
    </languageKey>
  </data>
</T3locallangExt>
