<?xml version="1.0" encoding="UTF-8"?>
<T3locallangExt>
  <data type="array">
    <languageKey index="it" type="array">
      <label index=".description">è una sorta di post-it personale messo in una pagina</label>
      <label index=".details">Un modo semplice per allegare delle note ad una pagina (solo per quanto riguarda il backend). Può essere usato per annotazioni, istruzioni, etc.</label>
      <label index="_.seeAlso"/>
      <label index="category.description">Seleziona una categoria che descrive il tipo di nota.</label>
      <label index="subject.description">Inserisci il titolo della nota.</label>
      <label index="message.description">Il testo della nota.</label>
      <label index="author.description">Inserisci il tuo nome.</label>
      <label index="email.description">Inserisci tuo indirizzo email.</label>
      <label index="personal.description">Seleziona quest se non vuoi che altri utenti vedano questa nota</label>
    </languageKey>
  </data>
</T3locallangExt>
