<?xml version="1.0" encoding="UTF-8"?>
<T3locallangExt>
  <data type="array">
    <languageKey index="it" type="array">
      <label index="import">Importa file .t3d</label>
      <label index="export">Esporta file .t3d</label>
      <label index="title">Importa / Esporta</label>
      <label index="moduleFunction.tx_impexp_modfunc1">Esporta Presets</label>
      <label index="tableselec_configuration">Configurazione</label>
      <label index="exportdata_savedFile">FILE SALVATO</label>
      <label index="exportdata_savedInSBytes">Salvato in "%s", bytes %s</label>
      <label index="exportdata_problemsSavingFile">Problemi nel salvare il file</label>
      <label index="exportdata_badPathS">Indirizzo errato: "%s"</label>
      <label index="exportdata_filePreset">File &amp; Preset</label>
      <label index="exportdata_advancedOptions">Opzioni Avanzate</label>
      <label index="exportdata_messages">Messaggi</label>
      <label index="execlistqu_structureToBeExported">Struttura da espertare:</label>
      <label index="execlistqu_maxNumberLimit">Limite massimo:</label>
      <label index="makeconfig_anSqlQueryReturned">Una querty SQL ha restituito esattamento il numero di records specificati dal valore limite (%s) - ciò potrebbe indicare uan selezione incompleta di records! Assicurati che ciò sia voluto.</label>
      <label index="makeconfig_exportPagetreeConfiguration">Esporta la configurazione dell'albero delle pagine:</label>
      <label index="makeconfig_pageId">ID pagine:</label>
      <label index="makeconfig_tree">Albero:</label>
      <label index="makeconfig_noTreeExportedOnly">Nessun albero esportato - solo le tabelle nella pagina.</label>
      <label index="makeconfig_tablesOnThisPage">Tabelle in questa pagina:</label>
      <label index="makeconfig_expandedTree">Albero esteso:</label>
      <label index="makeconfig_onlyThisPage">Solo questa pagina</label>
      <label index="makeconfig_1Level">1 livello</label>
      <label index="makeconfig_2Levels">2 livelli</label>
      <label index="makeconfig_3Levels">3 livelli</label>
      <label index="makeconfig_4Levels">4 livelli</label>
      <label index="makeconfig_infinite">Infiniti</label>
      <label index="makeconfig_levels">Livelli:</label>
      <label index="makeconfig_includeTables">Includi le tabelle:</label>
      <label index="makeconfig_maxNumberOfRecords">Numero massimo di records:</label>
      <label index="makeconfig_exportSingleRecord">Esporta un singolo record:</label>
      <label index="makeconfig_record">Record:</label>
      <label index="makeconfig_exportTablesFromPages">Esporta le tabelle dalle pagine:</label>
      <label index="makeconfig_tablePids">Tabella/Pids:</label>
      <label index="makeconfig_relationsAndExclusions">Relazioni ed esclusioni:</label>
      <label index="makeconfig_includeRelationsToTables">Includi le relazioni alle tabelle:</label>
      <label index="makeconfig_useStaticRelationsFor">Usa relazioni statiche per le tabelle:</label>
      <label index="makeconfig_showStaticRelations">Mostra le relazioni statiche:</label>
      <label index="makeconfig_excludeElements">Escludi elementi:</label>
      <label index="makeconfig_clearAllExclusions">Cancella tutte le esclusioni:</label>
      <label index="makeconfig_noExcludedElementsYet">Nessun elemento escluso. Escludi selezionando i checkbox sottostanti.</label>
      <label index="makeadvanc_update">Aggiorna</label>
      <label index="makeadvanc_softReferences">Soft References:</label>
      <label index="makeadvanc_excludeHtmlCssFile">Escludi le risorse HTML/CSS</label>
      <label index="makeadvanc_extensionDependencies">Dipendenze dell'estensione:</label>
      <label index="makeadvanc_selectExtensionsThatThe">Seleziona le estensioni su cui dipende il contenuto esportato:</label>
      <label index="makesavefo_update">Aggiorna</label>
      <label index="makesavefo_presets">Presets:</label>
      <label index="makesavefo_selectPreset">Seleziona preset:</label>
      <label index="makesavefo_load">Carica</label>
      <label index="makesavefo_save">Salva</label>
      <label index="makesavefo_areYouSure">Sei sicuro?</label>
      <label index="makesavefo_delete">Elimina</label>
      <label index="makesavefo_merge">Unisci</label>
      <label index="makesavefo_titleOfNewPreset">Nome del nuovo preset</label>
      <label index="makesavefo_public">Pubblico:</label>
      <label index="makesavefo_outputOptions">Opzioni di output:</label>
      <label index="makesavefo_metaData">Meta data:</label>
      <label index="makesavefo_title">Titolo:</label>
      <label index="makesavefo_description">Descrizione:</label>
      <label index="makesavefo_notes">Note:</label>
      <label index="makesavefo_thumbnail">Thumbnail:</label>
      <label index="makesavefo_uploadThumbnail">Upload thumbnail:</label>
      <label index="makesavefo_t3dFileCompressed">file T3D / compresso</label>
      <label index="makesavefo_t3dFile">file T3D</label>
      <label index="makesavefo_xml">XML</label>
      <label index="makesavefo_fileFormat">Formato file:</label>
      <label index="makesavefo_maxSizeOfFiles">Dimensione massima dei files da includere (kb):</label>
      <label index="makesavefo_filenameSavedInS">Nome del file (salvato in "%s"):</label>
      <label index="makesavefo_downloadExport">Scarica l'esportazione</label>
      <label index="importdata_saveToFilename">Salva su file</label>
      <label index="importdata_selectFileToImport">Seleziona il file da importare:</label>
      <label index="importdata_file">File:</label>
      <label index="importdata_fromPathS">(Dal path: %s)</label>
      <label index="importdata_noteNoDecompressorAvailable">NOTA: non è disponibile nessun decompressore per i files compressi!</label>
      <label index="importdata_importOptions">Opzioni di importazione</label>
      <label index="importdata_update">Aggiorna:</label>
      <label index="importdata_updateRecords">Aggiorna records</label>
      <label index="importdata_thisOptionRequiresThat">Questa opzione richiede che la struttura da importare esista di già su questo server, e che necessita solamente di essere aggiornata con i nuovi contenuti!</label>
      <label index="importdata_ignorePidDifferencesGlobally">Ignora globalmente le differenze di PID</label>
      <label index="importdata_ifYouSetThis">Se selezioni questa opzione, la posizione degli elementi aggiornati non sarà modificata per corrispondere alla struttura del file importato.</label>
      <label index="importdata_force_all_UIDS">Forza TUTTI GLI UIDS</label>
      <label index="importdata_force_all_UIDS_descr">Con questa opzione il valori UID originali di tutti i records importati saranno forzati ad essere gl istessi. FATE ATTENZIONE CON QUESTA OPZIONE!! (solo per gli Admin)</label>
      <label index="importdata_options">Opzioni:</label>
      <label index="importdata_doNotShowDifferences">Non mostrare le differenze nei records</label>
      <label index="importdata_greenValuesAreFrom">I valori in verde sono dal file importato, quelli rossi sono dall'attuale database, e quelli neri sono simili in entrambe le versioni.</label>
      <label index="importdata_allowToWriteBanned">Permetti di scrivere files con estensioni proibite (ad esempio script PHP), se ce ne fossero</label>
      <label index="importdata_action">Azione:</label>
      <label index="importdata_preview">Preview</label>
      <label index="importdata_update_299e">Aggiorna</label>
      <label index="importdata_import">Importa</label>
      <label index="importdata_areYouSure">Sei sicuro/a?</label>
      <label index="importdata_newImport">Nuova importazione</label>
      <label index="importdata_enableLogging">Attiva il logging</label>
      <label index="importdata_writeIndividualDbActions">Scrivi nel log le singole azioni del DB durante l'importazione</label>
      <label index="importdata_thisIsDisabledBy">Questa opzione è disabilitata di default dato che potrebbero esserci centinaia di voci generate.</label>
      <label index="importdata_uploadFileFromLocal">Aggiorna il file dal computer locale:</label>
      <label index="importdata_browse">Sfoglia:</label>
      <label index="importdata_uploadStatus">Stato di upload:</label>
      <label index="importdata_success">Esito:</label>
      <label index="importdata_failureNoFileUploaded">Errore: nessun file uploadato - forse era troppo grande? Controlla il log di sistema</label>
      <label index="importdata_upload">Upload</label>
      <label index="importdata_metaData">Meta data:</label>
      <label index="importdata_title">Titolo:</label>
      <label index="importdata_description">Descrizione:</label>
      <label index="importdata_notes">Note:</label>
      <label index="importdata_packager">Packager:</label>
      <label index="importdata_email">Email:</label>
      <label index="importdata_icon">Icona:</label>
      <label index="importdata_metaData_1387">Meta data</label>
      <label index="importdata_messages">Messaggi</label>
      <label index="importdata_structureHasBeenImported">La struttura è stata importata, ecco il risultato:</label>
      <label index="filterpage_structureToBeImported">Struttura da importare:</label>
      <label index="ALL_tables">TUTTE le tabelle</label>
      <label index="impexpcore_displaycon_controls">Controlli:</label>
      <label index="impexpcore_displaycon_title">Titolo:</label>
      <label index="impexpcore_displaycon_size">Dimensioni:</label>
      <label index="impexpcore_displaycon_message">Messaggio:</label>
      <label index="impexpcore_displaycon_updateMode">Modalità di aggiornamento:</label>
      <label index="impexpcore_displaycon_currentPath">Path attuale:</label>
      <label index="impexpcore_displaycon_result">Risultato:</label>
      <label index="impexpcore_displaycon_insidePagetree">Dentro l'albero delle pagine:</label>
      <label index="impexpcore_singlereco_outsidePagetree">Fuori l'albero delle pagine:</label>
      <label index="impexpcore_singlereco_softReferencesFiles">Soft References Files:</label>
      <label index="impexpcore_singlereco_update">Aggiorna</label>
      <label index="impexpcore_singlereco_insert">Inserisci</label>
      <label index="impexpcore_singlereco_importAsNew">Importa come nuovo</label>
      <label index="impexpcore_singlereco_ignorePid">Ignora PID</label>
      <label index="impexpcore_singlereco_respectPid">Rispetta PID</label>
      <label index="impexpcore_singlereco_forceUidSAdmin">Forza PID [%s] (Admin)</label>
      <label index="impexpcore_singlereco_exclude">Escludi</label>
      <label index="impexpcore_singlereco_title">Titolo:</label>
      <label index="impexpcore_singlereco_descr">Descriz:</label>
      <label index="impexpcore_singlereco_filename">Nome file:</label>
      <label index="impexpcore_singlereco_value">Valore:</label>
      <label index="impexpcore_softrefsel_record">Record:</label>
      <label index="impexpcore_softrefsel_editable">Editabile:</label>
      <label index="impexpcore_softrefsel_exclude">Escludi:</label>
      <label index="impexpcore_printerror_description">Descrizione:</label>
    </languageKey>
  </data>
</T3locallangExt>
