<?xml version="1.0" encoding="UTF-8"?>
<T3locallangExt>
  <data type="array">
    <languageKey index="it" type="array">
      <label index="delete">Elimina:</label>
      <label index="toTop"/>
      <label index="fileChanged">File modificato</label>
      <label index="resourceUpdated"/>
      <label index="templateInformation">Informazioni template:</label>
      <label index="title">Titolo:</label>
      <label index="sitetitle">Nome sito:</label>
      <label index="description">Descrizione:</label>
      <label index="allowedExtensions"/>
      <label index="maxFilesize"/>
      <label index="uploadResource"/>
      <label index="newTextResource"/>
      <label index="copyResource"/>
      <label index="updateResourceList"/>
      <label index="constants">Costanti:</label>
      <label index="file"/>
      <label index="editResource">Modifica Risorsa:</label>
      <label index="filesizeExceeded"/>
      <label index="notAllowed"/>
      <label index="setup"/>
      <label index="resources">Risorse:</label>
      <label index="editToView"/>
      <label index="editTemplateRecord">Modifica tutto il template</label>
      <label index="includeTypoScriptFileContent"/>
    </languageKey>
  </data>
</T3locallangExt>
