<?xml version="1.0" encoding="UTF-8"?>
<T3locallangExt>
  <data type="array">
    <languageKey index="it" type="array">
      <label index="chLog_title">Admin Changelog</label>
      <label index="chLog_users_0">Tutti gli utenti</label>
      <label index="chLog_users_-1">Self</label>
      <label index="chLog_time_0">Questa settimana</label>
      <label index="chLog_time_1">Ultima settimana</label>
      <label index="chLog_time_2">Ultimi sette giorni</label>
      <label index="chLog_time_10">Questo mese</label>
      <label index="chLog_time_11">Ultimo mese</label>
      <label index="chLog_time_12">Ultimi 31 giorni</label>
      <label index="chLog_time_20">Nessun limite</label>
      <label index="chLog_l_time">Ora</label>
      <label index="chLog_l_user">Utente</label>
      <label index="chLog_l_error">E</label>
      <label index="chLog_l_action">Azione</label>
      <label index="chLog_l_table">Tabella</label>
      <label index="chLog_l_details">Dettagli</label>
      <label index="chLog_menuUsers">Utenti</label>
      <label index="chLog_menuDepth">Profondità</label>
      <label index="chLog_menuTime">Ora</label>
    </languageKey>
  </data>
</T3locallangExt>
