<?xml version="1.0" encoding="UTF-8"?>
<T3locallangExt>
  <data type="array">
    <languageKey index="it" type="array">
      <label index="menu"/>
      <label index="recordStatistics"/>
      <label index="totalPageTree"/>
      <label index="databaseRelations"/>
      <label index="fullSearch"/>
      <label index="findFilename"/>
      <label index="manageRefIndex"/>
      <label index="rawSearch"/>
      <label index="advancedQuery"/>
      <label index="selectRecords">Seleziona Records</label>
      <label index="countResults"/>
      <label index="explainQuery"/>
      <label index="csvExport">Esporta CSV</label>
      <label index="xmlExport">Esporta XML</label>
      <label index="clickToUpdateRefIndex"/>
      <label index="updateNow">Aggiorna ora!</label>
      <label index="clickToTestRefIndex"/>
      <label index="referenceIndex_description"/>
      <label index="referenceIndex_buttonUpdate"/>
      <label index="referenceIndex_buttonCheck"/>
      <label index="checkNow">Controlla ora!</label>
      <label index="checkScript_headline"/>
      <label index="checkScript"/>
      <label index="checkScript_check_description"/>
      <label index="checkScript_check_example"/>
      <label index="checkScript_update_description"/>
      <label index="checkScript_update_example"/>
      <label index="checkScript_more"/>
      <label index="checkScript_information"/>
      <label index="checkScript_moreDetails"/>
      <label index="updateRefIndex"/>
      <label index="showSQL"/>
      <label index="useFormattedStrings"/>
      <label index="dontUseOrigValues"/>
      <label index="sortOptions"/>
      <label index="showDeleted"/>
      <label index="searchOptions"/>
      <label index="result">Risultato:</label>
      <label index="tables">Tabelle:</label>
      <label index="references"/>
      <label index="isMissing"/>
      <label index="referencedFrom"/>
      <label index="enterRegexPattern"/>
      <label index="searchButton">Cerca</label>
      <label index="pattern"/>
      <label index="beingChecked"/>
      <label index="directories"/>
      <label index="directoriesTooDeep"/>
      <label index="files"/>
      <label index="matchingFiles"/>
      <label index="notChecked"/>
      <label index="searchingForFilenames"/>
      <label index="fixLostRecord">Clicca per spostare l'oggetto corrente al livello principale (pid=0)</label>
      <label index="doktype">Tipi di documenti:</label>
      <label index="doktype_value"/>
      <label index="pages">Pagine:</label>
      <label index="total_pages">Numero totale di pagine:</label>
      <label index="deleted_pages">Pagine eliminate:</label>
      <label index="hidden_pages">Pagine nascoste:</label>
      <label index="count">Conteggio</label>
      <label index="label">Etichetta</label>
      <label index="tablename">Nome tabella</label>
      <label index="total_lost"/>
      <label index="relations">Relazioni:</label>
      <label index="relations_description">Questo analizzerà il contenuto delle tabelle e controllerà se ci sono relazioni 'vuote' tra records o se mancano files dalla loro posizione prevista.</label>
      <label index="files_many_ref">Files con riferimenti da più record:</label>
      <label index="files_no_ref">Files senza alcun riferimento (eliminali!):</label>
      <label index="files_no_file">Files mancanti:</label>
      <label index="select_db">Seleziona campi:</label>
      <label index="group_db">Ragruppa campi:</label>
      <label index="tree">L'abero delle pagine:</label>
      <label index="tree_description">Questo mostra tutte le pagine presenti in un unico albero. Questo comporterà probabilmente un documento molto lungo e un certo tempo di calcolo per la creazione!</label>
      <label index="records">Statistiche records:</label>
      <label index="records_description">Mostra alcune statistiche sui records del database. Questa procedura esaminerà tutto l'albero del sito e quindi potrebbe sovraccaricare il server!</label>
      <label index="search">Cerca in tutto il Database</label>
      <label index="search_description">Ricerca una stringa di testo in tutte le tabelle e records del database</label>
      <label index="filesearch">Cerca questo pattern in tutti i files</label>
      <label index="filesearch_description">Ricerca ricorsivamente in tutto il PATH_site di files col nome corrispondente ad un determinato pattern regex.</label>
      <label index="refindex">Controlla e aggiorna l'indice globale dei riferimenti</label>
      <label index="refindex_description">Permette il mantenimento degli indici di riferimento tenuto da TYPO3.</label>
      <label index="title">Controllo integrità del Database</label>
    </languageKey>
  </data>
</T3locallangExt>
