<?xml version="1.0" encoding="utf-8" standalone="yes" ?>
<T3locallangExt>
	<data type="array">
		<languageKey index="it" type="array">
			<label index="moduleFunction.tx_version_modfunc1">Versioni</label>
		</languageKey>
	</data>
	<orig_hash type="array">
		<languageKey index="it" type="array">
			<label index="moduleFunction.tx_version_modfunc1" type="integer">26780425</label>
		</languageKey>
	</orig_hash>
	<orig_text type="array">
		<languageKey index="it" type="array">
			<label index="moduleFunction.tx_version_modfunc1">Versioning</label>
		</languageKey>
	</orig_text>
</T3locallangExt>