<?xml version="1.0" encoding="utf-8" standalone="yes" ?>
<T3locallangExt>
	<data type="array">
		<languageKey index="it" type="array">
			<label index="title">Versioni</label>
			<label index="title_review">Invia a revisione/pubblicazione</label>
			<label index="mlang_labels_tablabel">Gestione delle versioni di pagien e contenuti e dei workspace</label>
			<label index="mlang_labels_tabdescr">Dal modulo Web-&gt;Versioni accedi a tutte le funzioni per gestire le versioni dell'albero delle pagine.</label>
			<label index="mlang_tabs_tab">Versioni</label>
			<label index="clickAPage_header">Web&gt;Modulo Versioni</label>
			<label index="clickAPage_content">Clicca su una pagina nell'albero per aprire il modulo Versioni.</label>
			<label index="filter_drafts">Drafts</label>
			<label index="filter_archive">Archivio</label>
			<label index="filter_all">Tutti</label>
			<label index="fieldname">Campo</label>
			<label index="tblHeader_title">Titolo</label>
			<label index="tblHeader_t3ver_state">stato</label>
			<label index="tblHeaderDesc_t3ver_label">Etichetta</label>
			<label index="diff">Differenze</label>
			<label index="swapWithCurrent">Scambia con corrente</label>
			<label index="createNewVersion">Crea una nuova versione</label>
			<label index="previewLink">Anteprima</label>
			<label index="publishPage">Pubblica pagina</label>
			<label index="swapPage">Scambia pagina</label>
			<label index="swapPageQuestion">Sei sicura di vole pubblicare (scambiare) tutto il contenuti %s di queste pagine?</label>
			<label index="publishPageQuestionStage">nello stage &quot;publish&quot;</label>
			<label index="previewUrl">Url per anteprima</label>
			<label index="previewInstruction">Puoi vedere l'anteprima di questa pagina del workspaceusando questo link per le prossime %s ore (non richiede login al back-end):</label>
			<label index="versionDetails">Dettagli della versione</label>
			<label index="wsManagement">Gestione Workspace</label>
			<label index="showDiffView">Mostra le differenze con</label>
			<label index="liveVersion">Versione Live</label>
			<label index="wsVersions">Versione del Workspace</label>
			<label index="controls">Controlli:</label>
			<label index="goBack">Clicca qui per tornare indietro</label>
			<label index="showAllInformation">Mostra tutte le informazioni</label>
			<label index="newElement">Nuovo elemento</label>
			<label index="deletedElement">Elemento eliminato</label>
			<label index="change">Cambia</label>
			<label index="element">[Elemento]</label>
			<label index="page">[Pagina]</label>
			<label index="commentForReviewer">Commenti per il Revisore:</label>
			<label index="commentForPublisher">Commenti per il Pubblicatore:</label>
			<label index="sendItemsToReview">Invio %s elementi a revisione.</label>
			<label index="sendAllToReview">Manda tutto in Revisione</label>
			<label index="approveToPublish">Approvazione %s elementi alla pubblicazione.</label>
			<label index="approveAllToPublish">Approva tutti per la pubblicazione</label>
			<label index="archive">Archivio</label>
			<label index="stage.sentToReview">Invia a revisione</label>
			<label index="stage.approvedForPublish">Approva per la pubblicazione</label>
			<label index="userComment">Commento</label>
			<label index="editing">Modifica</label>
			<label index="sendToReview">Manda in revisione</label>
			<label index="review">Revisiona</label>
			<label index="swap">Scambia</label>
			<label index="approveForPublishing">Approva per la pubblicazione</label>
			<label index="publish">Pubblica</label>
			<label index="rejected">Rifiutato</label>
			<label index="comment">Commento:</label>
			<label index="undefined">Indefinito</label>
			<label index="rejectExplain">Indicare le motivazioni della respinta</label>
			<label index="removeFromWorkspace">Rimuovi dal workspace</label>
			<label index="showLog">Mostra Log</label>
			<label index="errors">Errori:</label>
			<label index="refresh">Ricarica</label>
			<label index="allowPreviewOfWholeWorkspace">Abilita l'anteprima dell'intero workspace</label>
			<label index="versionSelect.label">Versioni di questa pagina:</label>
			<label index="versionSelect.publish">Pubblica pagina</label>
			<label index="function1">Funzione #1</label>
			<label index="function2">Funzione #2</label>
			<label index="function3">Funzione #3</label>
			<label index="cm1_title">Versioni</label>
		</languageKey>
	</data>
	<orig_hash type="array">
		<languageKey index="it" type="array">
			<label index="cm1_title" type="integer">26780425</label>
			<label index="title" type="integer">26780425</label>
			<label index="mlang_tabs_tab" type="integer">26780425</label>
			<label index="mlang_labels_tablabel" type="integer">47790076</label>
			<label index="mlang_labels_tabdescr" type="integer">228164280</label>
			<label index="function1" type="integer">209170062</label>
			<label index="function2" type="integer">109930407</label>
			<label index="function3" type="integer">258031659</label>
			<label index="title_review" type="integer">246273957</label>
			<label index="clickAPage_header" type="integer">90732202</label>
			<label index="clickAPage_content" type="integer">5149509</label>
			<label index="tblHeader_title" type="integer">192455458</label>
			<label index="newElement" type="integer">23930316</label>
			<label index="sendToReview" type="integer">217011724</label>
			<label index="review" type="integer">72867157</label>
			<label index="approveForPublishing" type="integer">167677930</label>
			<label index="publish" type="integer">17867952</label>
			<label index="rejected" type="integer">221753846</label>
			<label index="comment" type="integer">37810947</label>
			<label index="undefined" type="integer">247528449</label>
			<label index="showLog" type="integer">55060445</label>
			<label index="errors" type="integer">206095404</label>
			<label index="refresh" type="integer">104491656</label>
			<label index="filter_drafts" type="integer">229879618</label>
			<label index="filter_archive" type="integer">242383616</label>
			<label index="filter_all" type="integer">186422474</label>
			<label index="tblHeaderDesc_t3ver_label" type="integer">184688118</label>
			<label index="publishPage" type="integer">40454034</label>
			<label index="swapPage" type="integer">101882904</label>
			<label index="wsManagement" type="integer">264680986</label>
			<label index="controls" type="integer">44875680</label>
			<label index="goBack" type="integer">224991832</label>
			<label index="showAllInformation" type="integer">102535274</label>
			<label index="deletedElement" type="integer">133228756</label>
			<label index="commentForReviewer" type="integer">17950935</label>
			<label index="commentForPublisher" type="integer">151962634</label>
			<label index="sendAllToReview" type="integer">258676959</label>
			<label index="archive" type="integer">242383616</label>
			<label index="tblHeader_t3ver_state" type="integer">166541794</label>
			<label index="versionSelect.label" type="integer">18790874</label>
			<label index="fieldname" type="integer">223557556</label>
			<label index="diff" type="integer">76951797</label>
			<label index="swapWithCurrent" type="integer">123906340</label>
			<label index="createNewVersion" type="integer">25790406</label>
			<label index="previewLink" type="integer">151754309</label>
			<label index="publishPageQuestionStage" type="integer">118673218</label>
			<label index="previewUrl" type="integer">146648316</label>
			<label index="liveVersion" type="integer">76765232</label>
			<label index="wsVersions" type="integer">189928675</label>
			<label index="change" type="integer">261119659</label>
			<label index="element" type="integer">241728875</label>
			<label index="page" type="integer">44499327</label>
			<label index="swapPageQuestion" type="integer">46424648</label>
			<label index="previewInstruction" type="integer">155325676</label>
			<label index="versionDetails" type="integer">222775735</label>
			<label index="showDiffView" type="integer">218673716</label>
			<label index="sendItemsToReview" type="integer">25505756</label>
			<label index="approveToPublish" type="integer">96467893</label>
			<label index="approveAllToPublish" type="integer">91983416</label>
			<label index="stage.sentToReview" type="integer">214274176</label>
			<label index="stage.approvedForPublish" type="integer">119619431</label>
			<label index="userComment" type="integer">150338229</label>
			<label index="editing" type="integer">186429311</label>
			<label index="swap" type="integer">142053212</label>
			<label index="rejectExplain" type="integer">227611704</label>
			<label index="removeFromWorkspace" type="integer">206473617</label>
			<label index="allowPreviewOfWholeWorkspace" type="integer">112383303</label>
			<label index="versionSelect.publish" type="integer">213943015</label>
		</languageKey>
	</orig_hash>
	<orig_text type="array">
		<languageKey index="it" type="array">
			<label index="cm1_title">Versioning</label>
			<label index="title">Versioning</label>
			<label index="mlang_tabs_tab">Versioning</label>
			<label index="mlang_labels_tablabel">Page and content versioning and workspace management for pages.</label>
			<label index="mlang_labels_tabdescr">The Web&gt;Versioning module provides access to versioning features for the page tree.</label>
			<label index="function1">Function #1</label>
			<label index="function2">Function #2</label>
			<label index="function3">Function #3</label>
			<label index="title_review">Send to review/pub</label>
			<label index="clickAPage_header">Web&gt;Versioning module</label>
			<label index="clickAPage_content">Please click a page in the pagetree frame to see the versioning module.</label>
			<label index="tblHeader_title">Title</label>
			<label index="newElement">New element</label>
			<label index="sendToReview">Send to Review</label>
			<label index="review">Review</label>
			<label index="approveForPublishing">Approve for Publishing</label>
			<label index="publish">Publish</label>
			<label index="rejected">Rejected</label>
			<label index="comment">Comment:</label>
			<label index="undefined">Undefined</label>
			<label index="showLog">Show Log</label>
			<label index="errors">Errors:</label>
			<label index="refresh">Refresh</label>
			<label index="filter_drafts">Drafts</label>
			<label index="filter_archive">Archive</label>
			<label index="filter_all">All</label>
			<label index="tblHeaderDesc_t3ver_label">Label</label>
			<label index="publishPage">Publish Page</label>
			<label index="swapPage">Swap page</label>
			<label index="wsManagement">Workspace management</label>
			<label index="controls">Controls:</label>
			<label index="goBack">Click here to go back</label>
			<label index="showAllInformation">Show all information</label>
			<label index="deletedElement">Deleted element</label>
			<label index="commentForReviewer">Comment for Reviewer:</label>
			<label index="commentForPublisher">Comment for Publisher:</label>
			<label index="sendAllToReview">Send all to Review</label>
			<label index="archive">Archive</label>
			<label index="tblHeader_t3ver_state">state</label>
			<label index="versionSelect.label">Versions of this page:</label>
			<label index="fieldname">Fieldname</label>
			<label index="diff">Diff</label>
			<label index="swapWithCurrent">SWAP with current</label>
			<label index="createNewVersion">Create new version</label>
			<label index="previewLink">Preview Link</label>
			<label index="publishPageQuestionStage">in &quot;Publish&quot; stage </label>
			<label index="previewUrl">Preview Url:</label>
			<label index="liveVersion">Live Version:</label>
			<label index="wsVersions">Workspace Versions:</label>
			<label index="change">change:</label>
			<label index="element"> [Element]</label>
			<label index="page"> [Page]</label>
			<label index="swapPageQuestion">Are you sure you want to publish (swap) all content %sfrom this page?</label>
			<label index="previewInstruction">You can preview this page from the workspace using this link for the next %s hours (does not require backend login):</label>
			<label index="versionDetails">Details for version</label>
			<label index="showDiffView">Show difference view</label>
			<label index="sendItemsToReview">Sending %s item(s) to review. </label>
			<label index="approveToPublish">Approving %s item(s) to publishing. </label>
			<label index="approveAllToPublish">Approve all for Publishing</label>
			<label index="stage.sentToReview">sent element to &quot;Review&quot;</label>
			<label index="stage.approvedForPublish">approved for &quot;Publish&quot;</label>
			<label index="userComment">User Comment</label>
			<label index="editing">Editing</label>
			<label index="swap">Swap</label>
			<label index="rejectExplain">Please explain why you reject:</label>
			<label index="removeFromWorkspace">Remove from workspace</label>
			<label index="allowPreviewOfWholeWorkspace">Allow preview of whole workspace</label>
			<label index="versionSelect.publish">Publish page</label>
		</languageKey>
	</orig_text>
</T3locallangExt>