<?xml version="1.0" encoding="UTF-8"?>
<T3locallangExt>
  <data type="array">
    <languageKey index="it" type="array">
      <label index="tsconfig_hierarchy.alttitle">Visualizzatore gerarchico TSconfig della pagina</label>
      <label index="tsconfig_hierarchy.description">Permette all'utente di visualizzare la struttura compilata TSconfig della pagina per un ramo dell'albero delle pagine.</label>
      <label index="tsconfig_hierarchy.details">Questo visualizzatore è indispensabile per ottenere una descrizione delle impostazioni del TSconfig della pagina poichè si applicano a tutti i rami dell'albero della pagina. Si possono vedere le configurazioni della struttura di ogni pagina dove sono ereditati i TSconfig e mostrati i risultati. Questo aiuta a valutare le impostazioni date siano trovate e posizionate nel giusto punto dell'albero. E' inoltre possibile vedere il codice TypoScript del TSconfig della pagina per ogni pagina collegata con la radice visualizzata.

Vedere i links per maggiori informazioni sul TSconfig della pagina.</label>
      <label index="_tsconfig_hierarchy.seeAlso"/>
      <label index="_tsconfig_hierarchy.image"/>
      <label index="tsconfig_hierarchy.image_descr"/>
      <label index="tsconfig_edit.alttitle">Visualizzatore del TSconfig della pagina</label>
      <label index="tsconfig_edit.description">Visualizza il codice grezzo di TSconfig di tutte le pagine nella radice corrente includendo il codice di default.</label>
      <label index="tsconfig_edit.details"/>
      <label index="_tsconfig_edit.seeAlso"/>
      <label index="_tsconfig_edit.image"/>
      <label index="tsconfig_edit.image_descr"/>
    </languageKey>
  </data>
</T3locallangExt>
