<?xml version="1.0" encoding="UTF-8"?>
<T3locallangExt>
  <data type="array">
    <languageKey index="it" type="array">
      <label index="UserSettings">Setup Utente</label>
      <label index="language">Lingua</label>
      <label index="lang_default">Inglese</label>
      <label index="lang_dk">Danese</label>
      <label index="lang_de">Tedesco</label>
      <label index="lang_no">Norvegese</label>
      <label index="lang_it">Italiano</label>
      <label index="lang_fr">Francese</label>
      <label index="lang_es">Spagnolo</label>
      <label index="lang_nl">Tedesco</label>
      <label index="lang_cz">Ceco</label>
      <label index="lang_pl">Polacco</label>
      <label index="lang_si">Sloveno</label>
      <label index="lang_fi">Finlandese</label>
      <label index="lang_tr">Turco</label>
      <label index="lang_se">Svedese</label>
      <label index="lang_pt">Portoghese</label>
      <label index="lang_ru">Russo</label>
      <label index="lang_ro">Rumeno</label>
      <label index="lang_ch">Cinese</label>
      <label index="lang_sk">Slovacco</label>
      <label index="lang_lt">Lituano</label>
      <label index="lang_is">Islandese</label>
      <label index="lang_hr">Croato</label>
      <label index="lang_hu">Ungherese</label>
      <label index="lang_gl">Groenlandese</label>
      <label index="lang_th">Tailandese</label>
      <label index="lang_gr">Greco</label>
      <label index="lang_hk">Cinese</label>
      <label index="lang_eu">Basco</label>
      <label index="lang_bg">Bulgaro</label>
      <label index="lang_br">Portoghese (Brasile)</label>
      <label index="lang_et">Estone</label>
      <label index="lang_ar">Arabo</label>
      <label index="lang_he">Ebraico</label>
      <label index="lang_ua">Ucraino</label>
      <label index="lang_lv">Lituano</label>
      <label index="lang_jp">Giapponese</label>
      <label index="lang_vn">Vietnamita</label>
      <label index="lang_ca">Catalano</label>
      <label index="lang_ba">Bosniaco</label>
      <label index="lang_kr">Coreano</label>
      <label index="lang_eo">Esperanto</label>
      <label index="lang_my">Bahasa Malaysia</label>
      <label index="lang_hi">Hindi</label>
      <label index="lang_fo">Faroese</label>
      <label index="lang_fa">Persiano</label>
      <label index="lang_sr">Serbo</label>
      <label index="lang_sq">Albanese</label>
      <label index="lang_ge">Georgiano</label>
      <label index="lang_ga">Galizio</label>
      <label index="lang_km">Khmer</label>
      <label index="lang_qc">Francese (Canada)</label>
      <label index="default">Predefinito</label>
      <label index="simulate">Simula un utente</label>
      <label index="opening">Startup</label>
      <label index="personal_data">Dati personali</label>
      <label index="showThumbs">Mostra miniature</label>
      <label index="condensedMode">Usa "condensed mode" nel backend &lt;br /&gt;(per schermi a bassa risoluzione)</label>
      <label index="noMenuMode">Scegli layout per i menù</label>
      <label index="noMenuMode_def">Menù nel frame a sinistra (default)</label>
      <label index="noMenuMode_sel">Selectorbox nel frame superiore</label>
      <label index="noMenuMode_icons">Icone nel frame superiore</label>
      <label index="startModule">Avvia con il seguente modulo</label>
      <label index="emailMeAtLogin">Avvisami via e-mail quando qualcuno cerca di accedere con il mio account.</label>
      <label index="helpText">Mostra testo di help (quando presente)</label>
      <label index="maxTitleLen">Lunghezza massima titolo</label>
      <label index="edit_showFieldHelp">Modalità di aiuto</label>
      <label index="edit_showFieldHelp_none">Non mostrare</label>
      <label index="edit_showFieldHelp_icon">Solo icone</label>
      <label index="edit_showFieldHelp_message">Mostra testo completo</label>
      <label index="edit_wideDocument">Wide document background</label>
      <label index="edit_RTE">Abilita Rich Text Editor (se disponibile)</label>
      <label index="edit_docModuleUpload">Upload file nel Doc-Module</label>
      <label index="enableFlashUploader">Abilita l'Uploader Flash (richiede Flash 9+)</label>
      <label index="resizeTextareas">Rendi aree testo ridimensionabili</label>
      <label index="resizeTextareas_MaxHeight">Altezza massima di un'area di testo ridimensionabile (pixel)</label>
      <label index="resizeTextareas_Flexible">Rendi aree di testo flessibili</label>
      <label index="editFunctionsTab">Modifica &amp; Funzioni avanzate</label>
      <label index="edit_functions">Modifica</label>
      <label index="disableCMlayers">No menu pop-up</label>
      <label index="setToStandard">Reset ai valori di default</label>
      <label index="resetConfiguration">Reset configurazione e pulisci i dati temporanei</label>
      <label index="setToStandardQuestion">Confermi di voler resettare tutti valori?</label>
      <label index="clearSessionVars">Pulisci dati temporanei</label>
      <label index="clearSessionVarsQuestion">Confermi di voler eliminare tutti i dati temporanei?</label>
      <label index="functions">Funzioni avanzate</label>
      <label index="copyLevels">&lt;b&gt;Copia ricorsiva:&lt;/b&gt; Inserisci il numero dei &lt;/ br&gt;sottolivelli da includere quando la pagina viene copiata</label>
      <label index="recursiveDelete">&lt;b&gt;Eliminazione ricorsiva(!)&lt;/b&gt; Quando si elimina una pagina&lt;/br&gt; vengono eliminate anche TUTTE le sottopagine</label>
      <label index="activateChanges">Attenzione! Per attivare TUTTI i cambiamenti devi ricaricare l'interfaccia di amministrazione (fai logout e login di nuovo)</label>
      <label index="levels">livelli</label>
      <label index="beUser_realName">Nome</label>
      <label index="beUser_email">Email</label>
      <label index="save">Salva preferenze</label>
      <label index="newPassword">Nuova password</label>
      <label index="newPasswordAgain">Ripeti password</label>
      <label index="newPassword_ok">Password aggiornata.</label>
      <label index="setupWasUpdated">Settaggi utente aggiornati.</label>
      <label index="newPassword_failed">La password NON è stata aggiornata perché non hai immesso la stessa password in entrambi i campi.</label>
      <label index="adminFunctions">Funzioni Admin</label>
      <label index="enableInstallTool.label">Accesso all'Installer</label>
      <label index="enableInstallTool.createFile">Crea il file per abilitare l'Installer</label>
      <label index="enableInstallTool.file">File per abilitare l'Installer</label>
      <label index="enableInstallTool.fileCreate_ok">Il file Install Tool Enable è stato creato.</label>
      <label index="enableInstallTool.fileCreate_failed">Non è stato possibile creare il file per abilitare l'Installer.</label>
      <label index="enableInstallTool.deleteFile">Elimina il file per abilitare l'Installer</label>
      <label index="enableInstallTool.fileDelete_ok">Il file per abilitare l'Installer è stato eliminato.</label>
      <label index="enableInstallTool.fileDelete_failed">Non è stato possibile eliminare il file per abilitare l'Installer.</label>
      <label index="enableInstallTool.fileHasKeep">Il file per abilitare l'Installer ha come contenuto KEEP_FILE" e bib può essere eliminato!</label>
      <label index="tempDataCleared">Dati temporanei eliminati</label>
      <label index="tempDataClearedFlashMessage">I dati temporanei sono stati eliminati.</label>
      <label index="tempDataClearedLog">Dati temporanei eliminati</label>
      <label index="settingsAreReset"/>
      <label index="debugInWindow">Mostra i messaggi di debug in una nuova finestra</label>
    </languageKey>
  </data>
</T3locallangExt>
