<?xml version="1.0" encoding="UTF-8"?>
<T3locallangExt>
  <data type="array">
    <languageKey index="it" type="array">
      <label index=".alttitle">Utente &gt; modulo Setup</label>
      <label index=".description">il modulo Setup permette agli utenti backend di personalizzare TYPO3 per le proprie sessioni di attività.
Questo include la lingua ed altre caratteristiche dell'interfaccia del backend.</label>
      <label index=".details">&lt;b&gt;Nota [per gli Amministratori]:&lt;/b&gt; Questi settaggi possono essere tutti sovraselezionati e avare diverse impostazioni di default utilizzando "user TSconfig".
Per approfondire questo aspetto, segui il link sottostante!</label>
      <label index="_.seeAlso"/>
      <label index="_.image"/>
      <label index=".image_descr">Il modulo Setup é selezionato nel menù di sinistra.
Ecco come appare il modulo Setup - una lista di ozioni da configurare.</label>
      <label index="language.alttitle">Selezione della lingua del backend</label>
      <label index="language.description">Seleziona la lingua che preferisci. La maggior parte del backend di TYPO3 é tradotta anche in altre lingue.</label>
      <label index="language.details"/>
      <label index="_language.image"/>
      <label index="language.image_descr">TYPO3 é tradotto in circa 40 lingue.
L'inglese é la lingua di default ed &lt;u&gt;ogni&lt;/u&gt; label deve innazitutto essere disponibile in inglese. Questo screenshot mostra traduzioni in Ebraico, Arabo, Russo e Cinese.</label>
      <label index="option_condensedMode.alttitle">Modalità Condensed</label>
      <label index="option_condensedMode.description">Se attivata, il backend non caricherà i sottomoduli Web e File in un frameset, ma permetterà  alle pagine e ai pagetree di caricare i sottomoduli nel frame principale.
Questa opzione permette una miglior visualizzazione sui schermi piccoli.</label>
      <label index="_option_condensedMode.seeAlso"/>
      <label index="_option_condensedMode.image"/>
      <label index="option_condensedMode.image_descr"/>
      <label index="option_noMenuMode.alttitle">Modalità di navigazione</label>
      <label index="option_noMenuMode.description">Seleziona modalità alternative per il menù del moduli backend</label>
      <label index="option_noMenuMode.details"/>
      <label index="_option_noMenuMode.seeAlso"/>
      <label index="_option_noMenuMode.image"/>
      <label index="option_noMenuMode.image_descr"/>
      <label index="option_startModule.alttitle">Modulo di avvio</label>
      <label index="option_startModule.description"/>
      <label index="option_showThumbs.alttitle">Mostra Thumbnails (miniature) di default</label>
      <label index="option_showThumbs.description"/>
      <label index="_option_showThumbs.image"/>
      <label index="option_showThumbs.image_descr"/>
      <label index="option_helpText.alttitle">Mostra l'aiuto quando possibile</label>
      <label index="option_helpText.description"/>
      <label index="option_maxTitleLen.alttitle">Lunghezza massima dei titoli</label>
      <label index="option_maxTitleLen.description"/>
      <label index="_option_maxTitleLen.image"/>
      <label index="option_maxTitleLen.image_descr"/>
      <label index="option_copyLevels.alttitle">Copia Ricorsiva</label>
      <label index="option_copyLevels.description">Quando copi una pagina, se hai selezionato questa opzione verranno copiate automaticamente anche tutte le relative sottopagine. Il numero che inserisci qui definisce il numero di livelli di profondità da includere in un'operazione di copia.</label>
      <label index="option_recursiveDelete.alttitle">Eliminazione Ricorsiva</label>
      <label index="option_recursiveDelete.description">Non puoi eliminare una pgina che ha delle sottopagine, a menoi che questa opzione sia selezionata. Fare molta attenzione: abilitando questa opzione si permetterà a Typo3 di eliminare in un colpo solo tutto l'albero delle pagine.</label>
      <label index="option_recursiveDelete.details"/>
      <label index="option_edit_wideDocument.alttitle">Background documenti estesto</label>
      <label index="option_edit_wideDocument.description"/>
      <label index="option_edit_RTE.alttitle">Abilita RTE (Rich Text Editor)</label>
      <label index="option_edit_RTE.description">Se selezionata, il Rich Text Editor sarà abilitato. Normalmente vorra ilasciare questa opzione selezionata.</label>
      <label index="option_edit_RTE.details"/>
      <label index="_option_edit_RTE.image"/>
      <label index="option_edit_docModuleUpload.alttitle">Permetti l'Upload di files dalle form di editing.</label>
      <label index="option_edit_docModuleUpload.description"/>
      <label index="option_edit_docModuleUpload.details"/>
      <label index="_option_edit_docModuleUpload.image"/>
      <label index="option_enableFlashUploader.alttitle"/>
      <label index="option_enableFlashUploader.description"/>
      <label index="option_edit_showFieldHelp.alttitle">Modalità del CSH (aiuto contestuale)</label>
      <label index="option_resizeTextareas.alttitle"/>
      <label index="option_resizeTextareas.description"/>
      <label index="option_resizeTextareas_MaxHeight.alttitle"/>
      <label index="option_resizeTextareas_MaxHeight.description"/>
      <label index="option_resizeTextareas_Flexible.alttitle"/>
      <label index="option_resizeTextareas_Flexible.description"/>
      <label index="option_edit_showFieldHelp.description">Definisce la modalità dell'Aiuto In Linea (CSH:Context Sensitive Help) di Typo3. Di default sono mostrate delle piccole icone di help ovunque ci sia dell'aiuto disponibile. Puoi qundi cliccare sull'icona e si aprirà una nuova finestra.</label>
      <label index="option_edit_showFieldHelp.details"/>
      <label index="_option_edit_showFieldHelp.image"/>
      <label index="option_edit_showFieldHelp.image_descr"/>
      <label index="option_disableCMlayers.alttitle">Disabilita i popup menù contestuali.</label>
      <label index="option_disableCMlayers.description"/>
      <label index="_option_disableCMlayers.image"/>
      <label index="option_disableCMlayers.image_descr"/>
      <label index="option_beUser_realName.alttitle">Il tuo nome</label>
      <label index="option_beUser_realName.description">Inserisci il tuo nome reale</label>
      <label index="option_beUser_email.alttitle">La tua email</label>
      <label index="option_beUser_email.description">Accertati che sia un tuo valido indirizzo email.
Questo é l'indirizzo di contatto che l'amministratore del backend userà se necessiterà di contattarti.</label>
      <label index="option_emailMeAtLogin.alttitle">Notifica il login</label>
      <label index="option_emailMeAtLogin.description"/>
      <label index="option_newPassword.alttitle">Cambia password</label>
      <label index="option_newPassword.description">Inserisci una nuova password per il tuo account backend:</label>
      <label index="option_newPassword.details"/>
      <label index="option_newPasswordAgain.alttitle">Cambio password, conferma</label>
      <label index="option_newPasswordAgain.description">Conferma la nuova password inserendola di nuovo, esattamente come scritta qui sopra. Se le due password non corrispondono esattamente, la password non sarà modificata.</label>
      <label index="reset.alttitle">Resetta ai valori di default</label>
      <label index="reset.description">Se si seleziona questa opzione, tutti i settaggi di questo modulo saranno ripristinati ai valori di default del sistema.</label>
      <label index="reset.details">Questa operazione non modifica il nome utente, l'email e la password.</label>
      <label index="simuser.alttitle">Simula utente backend</label>
      <label index="simuser.description">Questa opzione permette agli utenti "admin" di cambiare i settaggi di un altro utente backend nel sistema.</label>
      <label index="option_enableInstallTool.alttitle"/>
      <label index="option_enableInstallTool.description"/>
    </languageKey>
  </data>
</T3locallangExt>
