<?xml version="1.0" encoding="UTF-8"?>
<T3locallangExt>
  <data type="array">
    <languageKey index="it" type="array">
      <label index="layout.description">Seleziona il layout della pagina. Il risultato dipende dal tempalte del sito.</label>
      <label index="layout.details"/>
      <label index="doktype.description"/>
      <label index="doktype.details"/>
      <label index="_doktype.seeAlso"/>
      <label index="hidden.description">Se questa opzione è selezionata, nel sito la pagina sarà invisible.</label>
      <label index="hidden.details"/>
      <label index="_hidden.seeAlso"/>
      <label index="_hidden.image"/>
      <label index="hidden.image_descr"/>
      <label index="starttime.description"/>
      <label index="starttime.syntax"/>
      <label index="_starttime.seeAlso"/>
      <label index="_.seeAlso"/>
      <label index="endtime.description"/>
      <label index="endtime.syntax"/>
      <label index="_endtime.seeAlso"/>
      <label index="fe_group.description"/>
      <label index="_fe_group.seeAlso"/>
      <label index="_fe_group.image"/>
      <label index="extendToSubpages.description"/>
      <label index="extendToSubpages.details"/>
      <label index="_extendToSubpages.seeAlso"/>
      <label index="_extendToSubpages.image"/>
      <label index="extendToSubpages.image_descr"/>
      <label index="alias.description"/>
      <label index="alias.details"/>
      <label index="alias.syntax"/>
      <label index="target.description"/>
      <label index="target.details"/>
      <label index="no_cache.description">Questa opzione disabilita la cache per questa pagina.</label>
      <label index="no_cache.details"/>
      <label index="_no_cache.seeAlso"/>
      <label index="cache_timeout.description"/>
      <label index="cache_timeout.details"/>
      <label index="_cache_timeout.seeAlso"/>
      <label index="no_search.description"/>
      <label index="author.description">Inserisci i nome degli autori di questa pagina.</label>
      <label index="author.details"/>
      <label index="_author.seeAlso"/>
      <label index="author_email.description">Inserisci le email degli autori di questa pagina.</label>
      <label index="_author_email.seeAlso"/>
      <label index="module.description">Definisci la pagina come un 'modulo' frontend</label>
      <label index="module.details"/>
      <label index="media.description"/>
      <label index="media.details"/>
      <label index="subtitle.description">Inserisci un sottotitolo, se lo vuoi.</label>
      <label index="subtitle.details"/>
      <label index="url.description"/>
      <label index="url.details"/>
      <label index="_url.seeAlso"/>
      <label index="shortcut.description"/>
      <label index="shortcut.details"/>
      <label index="_shortcut.seeAlso"/>
      <label index="_shortcut.image"/>
      <label index="shortcut.image_descr"/>
      <label index="keywords.description">Inserisci le parole chiave di questa pagina, separate da virgole.</label>
      <label index="keywords.details"/>
      <label index="_keywords.seeAlso"/>
      <label index="description.description">Una breve descrizione della pagina.</label>
      <label index="description.details"/>
      <label index="_description.seeAlso"/>
      <label index="abstract.description">Inserisci un riassunto della pagina.</label>
      <label index="abstract.details"/>
      <label index="_abstract.seeAlso"/>
      <label index="backend_layout.description"/>
      <label index="backend_layout.details"/>
      <label index="_backend_layout.seeAlso"/>
      <label index="backend_layout_next_level.description"/>
      <label index="backend_layout_next_level.details"/>
      <label index="_backend_layout_next_level.seeAlso"/>
      <label index="newUntil.description"/>
      <label index="newUntil.details"/>
      <label index="newUntil.syntax"/>
      <label index="_newUntil.seeAlso"/>
      <label index="lastUpdated.description"/>
      <label index="lastUpdated.details"/>
      <label index="lastUpdated.syntax"/>
      <label index="nav_hide.description"/>
      <label index="_nav_hide.seeAlso"/>
      <label index="nav_title.description"/>
      <label index="content_from_pid.description"/>
      <label index="urltype.description"/>
      <label index="shortcut_mode.description"/>
      <label index="mount_pid.description"/>
      <label index="mount_pid.details"/>
      <label index="_mount_pid.seeAlso"/>
      <label index="mount_pid_ol.description"/>
      <label index="_mount_pid_ol.seeAlso"/>
      <label index="title.description.+"/>
      <label index="TSconfig.details.+"/>
      <label index="l18n_cfg.description"/>
      <label index="l18n_cfg.details"/>
    </languageKey>
  </data>
</T3locallangExt>
