<?xml version="1.0" encoding="UTF-8"?>
<T3locallangExt>
  <data type="array">
    <languageKey index="it" type="array">
      <label index=".description"/>
      <label index=".details"/>
      <label index="_.seeAlso"/>
      <label index="_.image"/>
      <label index=".image_descr"/>
      <label index="title.description"/>
      <label index="constants.description"/>
      <label index="_constants.seeAlso"/>
      <label index="config.description"/>
      <label index="_config.seeAlso"/>
      <label index="include_static.description"/>
      <label index="description.description"/>
      <label index="editorcfg.description"/>
    </languageKey>
  </data>
</T3locallangExt>
