<?xml version="1.0" encoding="UTF-8"?>
<T3locallangExt>
  <data type="array">
    <languageKey index="it" type="array">
      <label index=".description"/>
      <label index=".details"/>
      <label index="_.seeAlso"/>
      <label index="hidden.description"/>
      <label index="hidden.details"/>
      <label index="_hidden.seeAlso"/>
      <label index="starttime.description"/>
      <label index="_starttime.seeAlso"/>
      <label index="endtime.description"/>
      <label index="_endtime.seeAlso"/>
      <label index="title.description">Inserisci il titolo della lingua alternativa</label>
      <label index="_title.seeAlso"/>
      <label index="subtitle.description">Inserisci il sottotitolo della lingua alternativa</label>
      <label index="_subtitle.seeAlso"/>
      <label index="keywords.description">Inserisci le parole chiave della lingua alternativa</label>
      <label index="_keywords.seeAlso"/>
      <label index="description.description"/>
      <label index="_description.seeAlso"/>
      <label index="abstract.description"/>
      <label index="_abstract.seeAlso"/>
      <label index="author.description"/>
      <label index="_author.seeAlso"/>
      <label index="author_email.description"/>
      <label index="_author_email.seeAlso"/>
      <label index="media.description"/>
      <label index="_media.seeAlso"/>
      <label index="sys_language_uid.description"/>
      <label index="_sys_language_uid.seeAlso"/>
      <label index="nav_title.description"/>
    </languageKey>
  </data>
</T3locallangExt>
