<?xml version="1.0" encoding="UTF-8"?>
<T3locallangExt>
  <data type="array">
    <languageKey index="it" type="array">
      <label index="hidden.description">Questa opzione disabilita il gruppo utenti.</label>
      <label index="hidden.details">Se un gruppo utenti viene disabilitato, tutti gli utenti che appartengono a tal gruppo non erediteranno alcuna proprietà del gruppo.
Per esempio se una pagina o un contenuto erano accessibili solo a questo gruppo, che viene disabilitato, nessuno poi potrà avere accesso alla pagina o al contenuto.</label>
      <label index="_hidden.seeAlso"/>
      <label index="title.description">Nome del gruppo.</label>
      <label index="title.details">Questo titolo apparirà come il nome del gruppo nella "Access-list" negli altri records.</label>
      <label index="lockToDomain.description">Inserire l'hostname da cui il gruppo sarà disponibile.</label>
      <label index="lockToDomain.details">Questa opzione è importante se hai distinti siti web nello stesso database TYPO3 ma con ancora una sola pagina principale di immagazzinamento per tutti gli utenti.
In questo modo gli utenti dovranno loggarsi in ciascuno degli indirizzi del sito web. Questo può essere considerato una caratteristica positiva (avendo un login globale come un utente) o un problema (nel caso ci dovessero essere differenti cartelle utente).

Si può voler limitare l'uso di un usergroup ad un determinato sito web, e non permettere il login da url differenti. Inserendo l'host name del sito, si fa in modo che lo usergroup  sia usato solo da questo dominio.

&lt;b&gt;Nota:&lt;/b&gt; L'uso di questa opzione non è critica se hai Website user storages multipli, ovvero uno per ciascun sito.</label>
      <label index="_lockToDomain.seeAlso"/>
      <label index="subgroup.description">Membro di altri gruppi.</label>
      <label index="subgroup.details">Lista degli altri gruppi di cui fa parte questo gruppo.</label>
      <label index="description.description">Inserisci la descrizione del gruppo.</label>
      <label index="description.details">Questo è per uso interno ed è solo un modo per inserire una nota sul gruppo, perchè è stato creato e quali potrebbero essere i membri.
Da usare a piacere.</label>
      <label index="TSconfig.description">TSconfig per il gruppo (avanzato).</label>
      <label index="TSconfig.details">Questo è il TSconfig per il gruppo. I valori sono ereditati da ciascun utente membro di questo gruppo.
La configurazione può venire sovrascritta da altri gruppi e dal TSconfig dell'utente stesso.</label>
      <label index="TSconfig.syntax">Sintassi TypoScript, senza condizioni e costanti.</label>
      <label index="_TSconfig.seeAlso"/>
      <label index=".description">Usergroup per i Website users.</label>
      <label index=".details">La restrizione di accesso in TYPO3 è assegnata a questi Usergroup. Quando una pagina o un altro elemento ha una restrizione d'accesso per un gruppo, solo i Website users che sono membri di questo gruppo potranno vedere l'elemento del sito web.</label>
      <label index="_.seeAlso"/>
      <label index="_.image"/>
      <label index=".image_descr">La form per editare i gruppi degli utenti frontend.
Le Pagine, i Contenuni e altri records ceh vengono visualizzati nel frontend spesso hanno un selettore col quale puoi definire le restrizioni di accesso, selezionando l'accesso solo per un determinato gruppo.</label>
    </languageKey>
  </data>
</T3locallangExt>
