<?xml version="1.0" encoding="UTF-8"?>
<T3locallangExt>
  <data type="array">
    <languageKey index="it" type="array">
      <label index=".description"/>
      <label index=".details"/>
      <label index="_.seeAlso"/>
      <label index="_.image"/>
      <label index=".image_descr"/>
      <label index="hidden.description"/>
      <label index="hidden.details"/>
      <label index="starttime.description"/>
      <label index="endtime.description"/>
      <label index="title.description"/>
      <label index="sitetitle.description"/>
      <label index="constants.description"/>
      <label index="_constants.seeAlso"/>
      <label index="config.description"/>
      <label index="config.details"/>
      <label index="_config.seeAlso"/>
      <label index="resources.description"/>
      <label index="resources.details"/>
      <label index="clear.description"/>
      <label index="clear.details"/>
      <label index="_clear.seeAlso"/>
      <label index="_clear.image"/>
      <label index="root.description"/>
      <label index="_root.seeAlso"/>
      <label index="includeStaticAfterBasedOn.description"/>
      <label index="includeStaticAfterBasedOn.details"/>
      <label index="include_static.description"/>
      <label index="_include_static.seeAlso"/>
      <label index="include_static_file.description"/>
      <label index="include_static_file.details"/>
      <label index="_include_static_file.seeAlso"/>
      <label index="basedOn.description"/>
      <label index="static_file_mode.description"/>
      <label index="static_file_mode.details"/>
      <label index="nextLevel.description"/>
      <label index="description.description"/>
      <label index="editorcfg.description"/>
    </languageKey>
  </data>
</T3locallangExt>
