<?xml version="1.0" encoding="UTF-8"?>
<T3locallangExt>
  <data type="array">
    <languageKey index="it" type="array">
      <label index="tx_wizardsortpages.alttitle">Wizard Ordina Pagine</label>
      <label index="tx_wizardsortpages.description">Ti permette di ordinare le pagine alfabeticamente per titolo, per sotto titolo o per data di creazione, etc.
Puoi anche invertire l'ordine delle pagine</label>
      <label index="tx_wizardsortpages.details">Le pagine dell'albero sono sempre ordinate manualmente. 
E' possibile muovere le pagine in alto e in basso, ecc. 
Ma questo wizard ti fornisce un modo veloce per cambiare l'ordine manuale delle sottopagine.

Semplicemente clicca su uno dei link a piè di pagina nella schermata del wizard:

&lt;b&gt;Titolo della pagina&lt;/b&gt;
Ordinerà le pagine sulla base del titolo.

&lt;b&gt;Sottotitolo&lt;/b&gt;
Ordinerà le pagine sulla base del sottotitolo.

&lt;b&gt;Data di modifica&lt;/b&gt;
Ordinerà le pagine sulla base della data di modifica.

&lt;b&gt;Data di creazione&lt;/b&gt;
Ordinerà le pagine sulla base della data di creazione.

&lt;b&gt;Inverti l'ordine attuale&lt;/b&gt;
Cliccare su questo link per invertire l'attuale tipo di ordinamento. Per esempio se vuoi ordinare le pagine alfabeticamente in modo ascendente o discentende dovrai semplicemente ordinarle per titolo e poi invertire l'ordine.</label>
      <label index="_tx_wizardsortpages.image"/>
    </languageKey>
  </data>
</T3locallangExt>
