<?xml version="1.0" encoding="UTF-8"?>
<T3locallangExt>
  <data type="array">
    <languageKey index="it" type="array">
      <label index="mlang_labels_tablabel">Strumenti Template</label>
      <label index="mlang_labels_tabdescr">Qui puoi elaborare i templates in TypoScript che definiscono l'aspetto visuale del tuo sito. Questo modulo fornisce strumenti specializzati quali un Object Browser, il Costant Editor.. &lt;br /&gt;&lt;em&gt;Accesso consentito solo agli utenti ADMIN!&lt;/em&gt;</label>
      <label index="mlang_tabs_tab">Template</label>
    </languageKey>
  </data>
</T3locallangExt>
