<?xml version="1.0" encoding="UTF-8"?>
<T3locallangExt>
  <data type="array">
    <languageKey index="it" type="array">
      <label index="moduleTitle">Strumenti Template</label>
      <label index="templateAnalyzer">Analizza Template</label>
      <label index="constantEditor">Editor Costanti</label>
      <label index="infoModify">Info/Modifica</label>
      <label index="objectBrowser"/>
      <label index="viewTemplates">Mostro i templates di</label>
      <label index="pageName">Titolo pagina</label>
      <label index="templates"/>
      <label index="isRoot"/>
      <label index="isExt"/>
      <label index="overview"/>
      <label index="areYouSure">Confermare questa operazione?</label>
      <label index="noTemplate">Nessun template</label>
      <label index="noTemplateDescription">Non esiste alcun template in questa pagina!</label>
      <label index="createTemplate"/>
      <label index="createTemplateToEditConfiguration"/>
      <label index="newWebsite">Crea nuovo sito web</label>
      <label index="newWebsiteDescription"/>
      <label index="newWebsiteAction"/>
      <label index="extTemplate">Crea estensione template</label>
      <label index="extTemplateDescription"/>
      <label index="extTemplateAction">Clicca qui per creare un'estensione template.</label>
      <label index="goToClosest">Vai al template più vicino</label>
      <label index="goToClosestDescription">Il template più vicino è nella pagina '%s' (uid %s).</label>
      <label index="goToClosestAction">Clicca qui per iniziare.</label>
      <label index="titleNewSiteStandard">NUOVO SITO, modello standard</label>
      <label index="titleNewSite">NUOVO SITO</label>
    </languageKey>
  </data>
</T3locallangExt>
