<?xml version="1.0" encoding="UTF-8"?>
<T3locallangExt>
  <data type="array">
    <languageKey index="it" type="array">
      <label index="tx_wizardcrpages.alttitle">Wizard per la creazione delle pagine</label>
      <label index="tx_wizardcrpages.description">Ti consente di creare un insieme di pagine in modalità batch per costruire con estrema velocità un set di</label>
      <label index="tx_wizardcrpages.details">Le nuove pagine saranno sempre create come sottopagina della pagina attiva (attualmente selezionata) nell'albero delle pagine (page-tree, a sinistra). Questa pagina è mostrata in cima alla pagina. Nella immagine d'esempio qui sotto è: '/Intro/Startpage/'.

&lt;b&gt;"Inserisci nuove pagine dopo il set esistente di sottopagine"&lt;/b&gt;
Se selezioni questa opzione le pagine saranno create &lt;em&gt;dopo&lt;/em&gt; l'esistente set di sottopagine.

&lt;b&gt;"Nascondi le nuove pagine"&lt;/b&gt;
Seleziona questa opzione se le nuove pagine devono essere nascoste per default. L'opzione può essere forzata qualora tu non hai le credenziali per creare online nuove pagine.

&lt;b&gt;Lorem Ipsum...&lt;/b&gt;
Il wizard per la creazione di nuove pagine supporta l'estensione Lorem Ipsum che fornisce contenuto dummy per i campi.</label>
      <label index="_tx_wizardcrpages.seeAlso"/>
      <label index="_tx_wizardcrpages.image"/>
      <label index="tx_wizardcrpages.image_descr">Devi solo inserire i titoli di pagina nei campi. Le pagine saranno create solamente per i record che hanno un titolo inserito.
Dopo aver premuto sul tasto 'Crea le pagine' l'albero a sinistra (page-tree) sarà immediatamente aggiornato mostrandoti la posizione delle nuove pagine!</label>
    </languageKey>
  </data>
</T3locallangExt>
