<?xml version="1.0" encoding="UTF-8"?>
<T3locallangExt>
  <data type="array">
    <languageKey index="it" type="array">
      <label index="title">Aiuto TypoScript</label>
      <label index="display">Visualizza l'Aiuto TypoScript</label>
      <label index="rebuild">Rigenera Aiuto TypoScript</label>
      <label index="referenceExplanation">Scegli una voce tra i seguenti riferimenti</label>
      <label index="referenceExplanationDetailed">Nell'ottica di vedere un tipo diverso di aiuto per Typoscript in una finestra di popup, seleziona una delle seguenti icone di riferimento. Questo aiuto online è generato automaticamente dai manuali disponibili nella versione installata, dal tuo server di TYPO3. Per generare i file di aiuto quando tu aggiungi o rimuovi una estensione, dovrai selezionare la funzione "Rigenera gli aiuti TypoScript" in questo modulo.</label>
      <label index="displayReferences">Visualizza l'aiuto online per TypoScript</label>
      <label index="loadedTSfrom">TypoScript caricato da:</label>
      <label index="sections">sezioni</label>
      <label index="rebuildTS">Ricostruisci l'aiuto online per TypoScript</label>
      <label index="warning_manualsWithoutMarkers">I seguenti manuali contengono uno o più tabelle sprovviste di marcatori:</label>
      <label index="warning_duplicateMarkers">I seguenti marcatori appariranno in parecchi manuali o molte volte nello stesso manuale:</label>
      <label index="updateWarnings">Avvisi di aggiornamento</label>
      <label index="rebuildExplanation">Sto ricostruendo l'aiuto online che sarà totalmente cancellato. Il databse online per gli aiuti sarà sottoposto a un parse per le stensiono caricate. Tisuggeriamo di aver installati doc_core_tseref e doc_core_tsconfig  affinchè il parse venga effettuato correttamente.</label>
      <label index="adminAccessOnly">L'accesso alla funzione di questo modulo è ristretta ai soli amministratori.</label>
      <label index="noRebuildOnWindows">La funzione di rigenerazione non può funzionare sui sistemi Windows. Mi dispiace...!</label>
    </languageKey>
  </data>
</T3locallangExt>
