<?xml version="1.0" encoding="UTF-8"?>
<T3locallangExt>
  <data type="array">
    <languageKey index="it" type="array">
      <label index="mlang_tabs_tab">Aiuto TypoScript</label>
      <label index="mlang_labels_tabdescr">Riferimenti agli oggetti TSref, TSconfig di pagina e TSconfig dell'utente. Abilita anche l'amministratore a ricostruire tutti i riferimento TypoScript online con imanuali ditutte le estensioni installate (inclusa la documentazone del core, se installata)</label>
      <label index="mlang_labels_tablabel">Aiuto TypoScript</label>
    </languageKey>
  </data>
</T3locallangExt>
