<?xml version="1.0" encoding="UTF-8"?>
<T3locallangExt>
  <data type="array">
    <languageKey index="it" type="array">
      <label index="CType_formlabel">Tipo</label>
      <label index="CType.I.0">Intestazione</label>
      <label index="CType.I.1">Testo</label>
      <label index="CType.I.2">Testo &amp; Immagini</label>
      <label index="CType.I.3">Immagini</label>
      <label index="CType.I.4">Elenco puntato</label>
      <label index="CType.I.5">Tabella</label>
      <label index="CType.I.6">File Links</label>
      <label index="CType.I.7">Multimedia</label>
      <label index="CType.I.8">Form</label>
      <label index="CType.I.9">Ricerca</label>
      <label index="CType.I.10">Login</label>
      <label index="CType.I.11">Box di testo</label>
      <label index="CType.I.12">Menù / mappa sito</label>
      <label index="CType.I.13">Inserisci Record</label>
      <label index="CType.I.14">Inserisci Plugin</label>
      <label index="CType.I.15">Script</label>
      <label index="CType.I.16">Separatore</label>
      <label index="CType.I.17">HTML</label>
      <label index="CType.I.18">Media</label>
      <label index="CType.div.standard">Standard</label>
      <label index="CType.div.lists">Liste</label>
      <label index="CType.div.forms">Forms</label>
      <label index="CType.div.special">Speciale</label>
      <label index="layout.I.1">Layout 1</label>
      <label index="layout.I.2">Layout 2</label>
      <label index="layout.I.3">Layout 3</label>
      <label index="colPos">Colonne:</label>
      <label index="colPos_formlabel">Colonna</label>
      <label index="colPos.I.0">Sinistra</label>
      <label index="colPos.I.2">Destra</label>
      <label index="colPos.I.3">Bordo</label>
      <label index="date">Data</label>
      <label index="date_formlabel">Data</label>
      <label index="header">Intestazione</label>
      <label index="header_formlabel">Titolo principale</label>
      <label index="header.ALT.shortcut_formlabel">Nome (invisibile nel frontend)</label>
      <label index="header.ALT.script_formlabel">Nome (invisibile nel frontend)</label>
      <label index="header.ALT.div_formlabel">Nome (invisibile nel frontend)</label>
      <label index="header.ALT.html_formlabel">Nome (invisibile nel frontend)</label>
      <label index="header_position">Allineamento:</label>
      <label index="header_position_formlabel">Allineamento</label>
      <label index="header_position.I.1">Centrato</label>
      <label index="header_position.I.2">Destra</label>
      <label index="header_position.I.3">Sinistra</label>
      <label index="header_link">Link:</label>
      <label index="header_link_formlabel">Link</label>
      <label index="header_layout_formlabel">Tipo</label>
      <label index="header_layout.I.1">Layout 1</label>
      <label index="header_layout.I.2">Layout 2</label>
      <label index="header_layout.I.3">Layout 3</label>
      <label index="header_layout.I.4">Layout 4</label>
      <label index="header_layout.I.5">Layout 5</label>
      <label index="header_layout.I.6">Nascosto</label>
      <label index="text_align">Allineamento:</label>
      <label index="text_align_formlabel">Allineamento Testo</label>
      <label index="text_align.I.1">Centrato</label>
      <label index="text_align.I.2">Destra</label>
      <label index="text_align.I.3">Sinistra</label>
      <label index="text_face">Tipo font:</label>
      <label index="text_face_formlabel">Font</label>
      <label index="text_size">Dimensione:</label>
      <label index="text_size_formlabel">Dimensioni Testo</label>
      <label index="text_size.I.1">1: Piccolo</label>
      <label index="text_size.I.2">2: Medio</label>
      <label index="text_size.I.3">3: Grande</label>
      <label index="text_size.I.4">4: Header 1</label>
      <label index="text_size.I.5">5: Header 2</label>
      <label index="text_size.I.6">Predefinito +1</label>
      <label index="text_size.I.7">Predefinito -1</label>
      <label index="text_color">Colore:</label>
      <label index="text_color_formlabel">Colore Testo</label>
      <label index="text_color.I.1">Colore 1</label>
      <label index="text_color.I.2">Colore 2</label>
      <label index="text_color.I.3">Nessuno</label>
      <label index="text_color.I.5">Nero</label>
      <label index="text_color.I.6">Bianco</label>
      <label index="text_color.I.7">Grigio scuro</label>
      <label index="text_color.I.8">Grigio</label>
      <label index="text_color.I.9">Argento</label>
      <label index="text_color.I.10">Rosso</label>
      <label index="text_color.I.11">Blu</label>
      <label index="text_color.I.12">Giallo</label>
      <label index="text_color.I.13">Verde</label>
      <label index="text_color.I.14">Verde oliva</label>
      <label index="text_color.I.15">Marrone</label>
      <label index="text_properties">Proprietà:</label>
      <label index="text_properties_formlabel">Decorazioni testo</label>
      <label index="text_properties.I.0">Grassetto</label>
      <label index="text_properties.I.1">Corsivo</label>
      <label index="text_properties.I.2">Sottolineato</label>
      <label index="text_properties.I.3">Tutto maiuscolo</label>
      <label index="bodytext.W.RTE">Rich Text Editor a pieno schermo</label>
      <label index="bodytext.W.table">Wizard per la tabella</label>
      <label index="bodytext.W.forms">Wizard per i moduli (forms)</label>
      <label index="imagewidth">Larghezza (pixel):</label>
      <label index="imagewidth_formlabel">Larghezza (px)</label>
      <label index="imageheight">Altezza(pixel):</label>
      <label index="imageheight_formlabel">Altezza  (px)</label>
      <label index="imageorient">Posizione:</label>
      <label index="imageorient_formlabel">Posizione e Allineamento</label>
      <label index="imageorient.I.0">Sopra, centrato</label>
      <label index="imageorient.I.1">Sopra, a destra</label>
      <label index="imageorient.I.2">Sopra, a sinistra</label>
      <label index="imageorient.I.3">Sotto, centrato</label>
      <label index="imageorient.I.4">Sotto, a destra</label>
      <label index="imageorient.I.5">Sotto, a sinistra</label>
      <label index="imageorient.I.6">Nel testo, a destra</label>
      <label index="imageorient.I.7">Nel testo, a sinistra</label>
      <label index="imageorient.I.8">__Senza cornice:__</label>
      <label index="imageorient.I.9">A lato del testo, a destra</label>
      <label index="imageorient.I.10">A lato del testo, a sinistra</label>
      <label index="imageborder">Bordo:</label>
      <label index="imageborder_formlabel">Bordo</label>
      <label index="image_noRows">Usa tabella senza righe:</label>
      <label index="image_noRows_formlabel">Mostra come righe</label>
      <label index="image_noRows.I.0">Disattiva</label>
      <label index="image_noRows_formlabel">Mostra come righe</label>
      <label index="image_link">Link:</label>
      <label index="image_link_formlabel">Links (uno per riga, un link per immagine)</label>
      <label index="image_zoom">Clicca per allargare:</label>
      <label index="image_zoom_formlabel">Ingrandisci al click</label>
      <label index="image_effects">Effetti:</label>
      <label index="image_effects_formlabel">Effetto</label>
      <label index="image_effects.I.0">Nessuno</label>
      <label index="image_effects.I.1">Rotazione 90 gr. (senso orario)</label>
      <label index="image_effects.I.2">Rotazione -90 gr. (senso antiorario)</label>
      <label index="image_effects.I.3">Rotazione 180 gr.</label>
      <label index="image_effects.I.4">Scala di grigi</label>
      <label index="image_effects.I.5">Evidenzia contorni</label>
      <label index="image_effects.I.6">Diminuisci contrasto</label>
      <label index="image_effects.I.7">Aumenta contrasto</label>
      <label index="image_effects.I.8">Aumenta luminosità</label>
      <label index="image_effects.I.9">Diminuisci luminosità</label>
      <label index="image_frames">Frames:</label>
      <label index="image_frames_formlabel">Frame grafici</label>
      <label index="image_frames.I.0">(Nessuno)</label>
      <label index="image_frames.I.1">Frame 1</label>
      <label index="image_frames.I.2">Frame 2</label>
      <label index="image_frames.I.3">Frame 3</label>
      <label index="image_frames.I.4">Frame 4</label>
      <label index="image_frames.I.5">Frame 5</label>
      <label index="image_frames.I.6">Frame 6</label>
      <label index="image_frames.I.7">Frame 7</label>
      <label index="image_frames.I.8">Frame 8</label>
      <label index="image_compression">Qualità/elaborazione immagine</label>
      <label index="image_compression_formlabel">Qualità e Tipo</label>
      <label index="image_compression.I.1">Nessuna (ignora tutte le altre opzioni)</label>
      <label index="image_compression.I.15">JPG/Altissima risoluzione</label>
      <label index="image_compression.I.16">JPG/Alta risoluzione</label>
      <label index="image_compression.I.17">JPG/Media risoluzione</label>
      <label index="image_compression.I.18">JPG/Bassa risoluzione</label>
      <label index="image_compression.I.19">JPG/Bassissima risoluzione</label>
      <label index="imagecols">Colonne:</label>
      <label index="imagecols_formlabel">Numero di colonne</label>
      <label index="imagecaption_position">Allineamento</label>
      <label index="imagecaption_position_formlabel">Allineamento della didascalia</label>
      <label index="imagecaption_position.I.1">Centrato</label>
      <label index="imagecaption_position.I.2">Destra</label>
      <label index="imagecaption_position.I.3">Sinistra</label>
      <label index="image_altText">Testo alternativo</label>
      <label index="altText_formlabel">Testo alternativo (uno per linea)</label>
      <label index="image_titleText">Title Text:</label>
      <label index="titleText_formlabel">Titoli (uno per linea)</label>
      <label index="image_longdescURL">URL descrizione estesa:</label>
      <label index="longdescURL_formlabel">URLs per una descrizione estesa (uno per linea)</label>
      <label index="cols">Colonne Tabella:</label>
      <label index="cols.I.0">Auto</label>
      <label index="recursive.I.0">0 livelli (solo pagina selezionata)</label>
      <label index="recursive.I.1">1 livello</label>
      <label index="recursive.I.2">2 livelli</label>
      <label index="recursive.I.3">3 livelli</label>
      <label index="recursive.I.4">4 livelli</label>
      <label index="recursive.I.5">Infiniti</label>
      <label index="menu_type">Tipo di Menu</label>
      <label index="menu_type_formlabel">Tipo di Menu</label>
      <label index="menu_type.I.0">Menu delle pagine selezionate</label>
      <label index="menu_type.I.1">Menu delle sottopagine delle pagine selezionate</label>
      <label index="menu_type.I.2">Menu delle sottopagine delle pagine selezionate (con abstract)</label>
      <label index="menu_type.I.3">Menu delle sottopagine delle pagine selezionate + sezioni</label>
      <label index="menu_type.I.4">Mappa del sito</label>
      <label index="menu_type.I.5">Indice sezione (per i contenuti con "Indice" selezionato)</label>
      <label index="menu_type.I.6">Pagine aggiornate di recente</label>
      <label index="menu_type.I.7">Pagine correlate (in base alle keywords)</label>
      <label index="list_type">Plugin:</label>
      <label index="list_type_formlabel">Plugin selezionato</label>
      <label index="table_bgColor">Colore di sfondo:</label>
      <label index="table_bgColor_formlabel">Colore di sfondo</label>
      <label index="table_bgColor.I.1">Colore 1</label>
      <label index="table_bgColor.I.2">Colore 2</label>
      <label index="table_bgColor.I.3">Nessuno</label>
      <label index="table_bgColor.I.5">Nero</label>
      <label index="table_bgColor.I.6">Bianco</label>
      <label index="table_bgColor.I.7">Grigio scuro</label>
      <label index="table_bgColor.I.8">Grigio</label>
      <label index="table_bgColor.I.9">Argento</label>
      <label index="table_border">Bordo:</label>
      <label index="table_border_formlabel">Dimensioni Bordo (px)</label>
      <label index="table_cellspacing">Spazio fra celle:</label>
      <label index="table_cellspacing_formlabel">Spazio tra celle (px)</label>
      <label index="table_cellpadding">Spazio fra bordo delle celle e contenuto:</label>
      <label index="table_cellpadding_formlabel">Padding tra celle (px)</label>
      <label index="media">Files</label>
      <label index="media.ALT.uploads_formlabel">Files selezionati</label>
      <label index="multimedia">File:</label>
      <label index="multimedia_formlabel">File multimediale selezionato</label>
      <label index="filelink_size">Mostra dimensione files:</label>
      <label index="filelink_size_formlabel">Mostra dimensioni del file</label>
      <label index="records">Items:</label>
      <label index="records_formlabel">Records</label>
      <label index="spaceBefore">Prima:</label>
      <label index="spaceBefore_formlabel">Margine Top</label>
      <label index="spaceAfter">Dopo:</label>
      <label index="spaceAfter_formlabel">Margine Bottom</label>
      <label index="section_frame">Frame:</label>
      <label index="section_frame_formlabel">Indentazioni e Frames</label>
      <label index="section_frame.I.1">Invisibile</label>
      <label index="section_frame.I.2">Separatore prima</label>
      <label index="section_frame.I.3">Separatore dopo</label>
      <label index="section_frame.I.4">Indenta</label>
      <label index="section_frame.I.5">Indenta, 33/66%</label>
      <label index="section_frame.I.6">Indenta, 66/33%</label>
      <label index="section_frame.I.7">Frame 1</label>
      <label index="section_frame.I.8">Frame 2</label>
      <label index="splash_layout">Tipo Textbox:</label>
      <label index="splash_layout_formlabel">Tipo</label>
      <label index="splash_layout.I.1">Immagine con ombreggiatura</label>
      <label index="splash_layout.I.2">Immagine frame 1</label>
      <label index="splash_layout.I.3">Immagine frame 2</label>
      <label index="splash_layout.I.4">__Grafica:__</label>
      <label index="splash_layout.I.5">Postit 1</label>
      <label index="sectionIndex">Indice:</label>
      <label index="sectionIndex_formlabel">Nei menù di sezione</label>
      <label index="linkToTop">Vai su:</label>
      <label index="linkToTop_formlabel">Link a inizio pagina</label>
      <label index="rte_enabled">Disabilita Rich Text Editor:</label>
      <label index="rte_enabled_formlabel">Rich Text Editor per questo testo</label>
      <label index="rte_enabled.I.0">Disabilita</label>
      <label index="pi_flexform">Opzioni plugin:</label>
      <label index="ALT.imgOptions">Opzioni immagine</label>
      <label index="ALT.imgLinks">Link immagine</label>
      <label index="ALT.imgDimensions">Dimensioni immagine</label>
      <label index="select_key_formlabel">Codice per questo plugin</label>
      <label index="select_key.ALT.uploads">Leggi dal Path:</label>
      <label index="select_key.ALT.uploads_formlabel">Leggi da questo percorso (path)</label>
      <label index="select_key.ALT.script_formlabel">Codice PHP</label>
      <label index="imagecaption.ALT.uploads">Descrizione:</label>
      <label index="imagecaption.ALT.uploads_formlabel">Descrizioni dei files (uno per riga)</label>
      <label index="imagecaption.ALT.script">Commenti:</label>
      <label index="bodytext.ALT.mailform">Configurazione:</label>
      <label index="bodytext.ALT.mailform_formlabel">Struttura form</label>
      <label index="pages.ALT.mailform">Salta alla pagina:</label>
      <label index="pages.ALT.searchform">Pagina di destinazione</label>
      <label index="pages.ALT.loginform">Pagine selezionate: destinazione (prima), contenitore per utente FE (seconda)</label>
      <label index="pages.ALT.search">Reindirizza alla Pagina:</label>
      <label index="pages.ALT.login">Reindirizza alla Pagina:</label>
      <label index="pages.ALT.menu_formlabel">Pagine selezionate</label>
      <label index="pages.ALT.list_formlabel">Punto di partenza per questo plugin</label>
      <label index="pages.ALT.script_formlabel">Punto di partenza per questo script</label>
      <label index="subheader.ALT.mailform">E-mail destinatario:</label>
      <label index="subheader.ALT.mailform_formlabel">E-mail destinatario</label>
      <label index="bodytext.ALT.html">HTML:</label>
      <label index="tabs.text">Testo</label>
      <label index="tabs.media">Media</label>
      <label index="tabs.plugin">Plugin</label>
      <label index="media.options">Opzioni Media</label>
      <label index="media.url">path relativo del file Media o URL</label>
      <label index="media.browseUrlTitle">Seleziona File o URL</label>
      <label index="media.width">Larghezza Media</label>
      <label index="media.height">Altezza Media</label>
      <label index="media.forcePlayer">Usa Player (solo per Flash)</label>
      <label index="media.type">Tipo Media</label>
      <label index="media.type.video">Video</label>
      <label index="media.type.audio">Audio</label>
      <label index="media.renderType">Tipo di render</label>
      <label index="media.renderType.auto">Auto</label>
      <label index="media.renderType.swf">Plugin Flash</label>
      <label index="media.renderType.qt">Plugin QuickTime</label>
      <label index="media.renderType.embed">Embed HTML</label>
      <label index="media.additionalOptions">Parametri addizionali</label>
      <label index="media.params">Parametri Media</label>
      <label index="media.params.option">Opzione</label>
      <label index="media.params.setTo">Setta a</label>
      <label index="media.params.on">On</label>
      <label index="media.params.off">Off</label>
      <label index="media.params.valueEntry">Valore</label>
      <label index="media.params.value">Valore</label>
      <label index="media.params.autoPlay">AutoPlay</label>
      <label index="media.params.loop">Loop</label>
      <label index="media.params.quality">Qualità</label>
      <label index="media.params.preview">Preview Video</label>
      <label index="media.params.bgColor">Colore Background</label>
      <label index="media.params.allowScriptAccess">Permetti ScriptAccess</label>
      <label index="media.params.allowFullScreen">Permetti tutto schermo</label>
      <label index="media.alternativeContent">Contenuto alternativo</label>
      <label index="media.params.customEntry">Parametri custom</label>
      <label index="media.params.customEntryLabel">Inserisci flashvars, params o attributes</label>
      <label index="media.noFile">ERRORE: manca URL o File!</label>
      <label index="sys_language_uid_formlabel">Lingua</label>
      <label index="subheader_formlabel">Titolo secondario</label>
      <label index="hidden_formlabel">Elementi di contenuto</label>
      <label index="hidden.I.0">Disabilita</label>
      <label index="starttime_formlabel">Data di pubblicazione</label>
      <label index="endtime_formlabel">Data di depubblicazione</label>
      <label index="fe_group_formlabel">Gruppi utente e reazione al login</label>
      <label index="layout_formlabel">Layout</label>
      <label index="bodytext_formlabel">Testo</label>
      <label index="bodytext.ALT.bulletlist_formlabel">Elenco Puntato</label>
      <label index="bodytext.ALT.table_formlabel">Tabella</label>
      <label index="bodytext.ALT.media_formlabel">Contenuto alternativo</label>
      <label index="bodytext.ALT.multimedia_formlabel">Parametri</label>
      <label index="bodytext.ALT.textbox_formlabel">Testo</label>
      <label index="bodytext.ALT.script_formlabel">Parametri da passare allo script</label>
      <label index="bodytext.ALT.html_formlabel">Codice HTML</label>
      <label index="image_formlabel">File immagine</label>
      <label index="image.ALT.textbox_formlabel">File immagine</label>
      <label index="imagecaption_formlabel">Didascalie (una per riga)</label>
      <label index="imagecaption.ALT.script_formlabel">Commenti</label>
      <label index="palette.general">Elemento di Contenuto</label>
      <label index="palette.headers">Titoli</label>
      <label index="palette.header">Titolo</label>
      <label index="palette.visibility">Visibilità</label>
      <label index="palette.access">Accesso temporale e permessi</label>
      <label index="palette.frames">Layout generale</label>
      <label index="palette.textlayout">Layout testo</label>
      <label index="palette.imagefiles">Files di immagini e didascalie</label>
      <label index="palette.imagelinks">Testo cliccando l'immagine</label>
      <label index="palette.image_accessibility">Testo per l'accessibilità</label>
      <label index="palette.image_settings">Parametri di configurazione per le immagini</label>
      <label index="palette.imageblock">Parametri per il blocco contenente le immagini</label>
      <label index="palette.mailform">Target e Destinatario</label>
      <label index="palette.searchform">Risultati della Ricerca</label>
      <label index="palette.loginform">Redirect target e FE user container</label>
      <label index="palette.multimediafiles">Files multimediali e parametri</label>
      <label index="palette.textbox">Testo da inserire nelle immagini</label>
      <label index="palette.menu">Menu e mappe del sito</label>
      <label index="palette.uploads_layout">Layout Filelinks</label>
      <label index="palette.table_layout">Layout Tabella</label>
      <label index="tabs.access">Accesso</label>
      <label index="tabs.appearance">Aspetto</label>
      <label index="tabs.behaviour">Comportamento</label>
      <label index="tabs.script">Script</label>
      <label index="tabs.media">Media</label>
      <label index="tabs.images">Immagini</label>
      <label index="tabs.extended">Esteso</label>
    </languageKey>
  </data>
</T3locallangExt>
