<?xml version="1.0" encoding="UTF-8"?>
<T3locallangExt>
  <data type="array">
    <languageKey index="it" type="array">
      <label index="mod_tx_cms_webinfo_page">Albero delle pagine</label>
      <label index="mod_tx_cms_webinfo_lang">Traduzioni</label>
      <label index="pages.palettes.standard">Pagina</label>
      <label index="pages.palettes.title">Titolo</label>
      <label index="pages.palettes.visibility">Visibilità</label>
      <label index="pages.palettes.access">Accesso e permessi</label>
      <label index="pages.palettes.abstract">Abstract</label>
      <label index="pages.palettes.metatags">Meta Tags</label>
      <label index="pages.palettes.editorial">Editori</label>
      <label index="pages.palettes.abstract">Abstract</label>
      <label index="pages.palettes.layout">Layout Pagina</label>
      <label index="pages.palettes.module">Usa come Contenitore per</label>
      <label index="pages.palettes.replace">Sostituisci Contenuto</label>
      <label index="pages.palettes.links">Links a questa pagina</label>
      <label index="pages.palettes.caching">Cache</label>
      <label index="pages.palettes.language">Lingua</label>
      <label index="pages.palettes.miscellaneous">Altro</label>
      <label index="pages.palettes.media">Files</label>
      <label index="pages.palettes.storage">General Record Storage Page</label>
      <label index="pages.palettes.config">Configurazione TypoScript</label>
      <label index="pages.doktype_formlabel">Tipo</label>
      <label index="pages.doktype.I.0">Avanzato</label>
      <label index="pages.doktype.I.2">Shortcut</label>
      <label index="pages.doktype.I.3">Non presente nei Menu</label>
      <label index="pages.doktype.I.4">Backend User Section</label>
      <label index="pages.doktype.I.5">Mount Point</label>
      <label index="pages.doktype.I.7">Separatore nel menu</label>
      <label index="pages.doktype.I.8">Link a URL esterna</label>
      <label index="pages.doktype.div.page">Pagina</label>
      <label index="pages.doktype.div.link">Link</label>
      <label index="pages.doktype.div.special">Speciale</label>
      <label index="pages.title_formlabel">Titolo Pagina</label>
      <label index="pages.starttime_formlabel">Data di pubblicazione</label>
      <label index="pages.endtime_formlabel">Data di depubblicazione</label>
      <label index="pages.fe_group_formlabel">Permessi Gruppi Utente</label>
      <label index="pages.hidden">Nascondi pagina:</label>
      <label index="pages.hidden_formlabel">Pagina</label>
      <label index="pages.hidden_checkbox_1_formlabel">Disabilita</label>
      <label index="pages.layout_formlabel">Layout Frontend</label>
      <label index="pages.layout.I.1">Layout 1</label>
      <label index="pages.layout.I.2">Layout 2</label>
      <label index="pages.layout.I.3">Layout 3</label>
      <label index="pages.url_scheme">Enforce Protocollo:</label>
      <label index="pages.url_scheme_formlabel">Usa Protocollo</label>
      <label index="pages.url_scheme.http">http://</label>
      <label index="pages.url_scheme.https">https://</label>
      <label index="pages.extendToSubpages">Includi Sottopagine:</label>
      <label index="pages.extendToSubpages_formlabel">Estendi alle Sottopagine</label>
      <label index="pages.nav_title">Titolo di Navigazione</label>
      <label index="pages.nav_title_formlabel">Titolo di navigazione alternativo</label>
      <label index="pages.nav_hide">Nascondi nei menù</label>
      <label index="pages.nav_hide_formlabel">Nei menu</label>
      <label index="pages.nav_hide_checkbox_1_formlabel">Nascondi</label>
      <label index="pages.subtitle">Sottotitolo:</label>
      <label index="pages.subtitle_formlabel">Sottotitolo</label>
      <label index="pages.target">Target:</label>
      <label index="pages.target_formlabel">Apri con queste configurazioni</label>
      <label index="pages.alias">Alias:</label>
      <label index="pages.alias_formlabel">URL Alias</label>
      <label index="pages.url">URL:</label>
      <label index="pages.url_formlabel">URL</label>
      <label index="pages.urltype_formlabel">Protocollo</label>
      <label index="pages.lastUpdated">Ultimo aggiornamento:</label>
      <label index="pages.lastUpdated_formlabel">Ultimo aggiornamento</label>
      <label index="pages.newUntil">'Nuovo' fino a:</label>
      <label index="pages.newUntil_formlabel">Contrassegna come 'Nuovo' fino al</label>
      <label index="pages.cache_timeout">Scadenza Cache:</label>
      <label index="pages.cache_timeout_formlabel">Durata Cache</label>
      <label index="pages.cache_timeout.I.1">1 min</label>
      <label index="pages.cache_timeout.I.2">5 min</label>
      <label index="pages.cache_timeout.I.3">15 min</label>
      <label index="pages.cache_timeout.I.4">30 min</label>
      <label index="pages.cache_timeout.I.5">1 ora</label>
      <label index="pages.cache_timeout.I.6">4 ore</label>
      <label index="pages.cache_timeout.I.7">1 giorno</label>
      <label index="pages.cache_timeout.I.8">2 giorni</label>
      <label index="pages.cache_timeout.I.9">7 giorni</label>
      <label index="pages.cache_timeout.I.10">1 mese</label>
      <label index="pages.editlock_formlabel">Editabile solo da Admin</label>
      <label index="pages.tabs.metadata">Metadata</label>
      <label index="pages.tabs.files">Risorse</label>
      <label index="pages.tabs.resources">Risorse</label>
      <label index="pages.tabs.access">Accesso</label>
      <label index="pages.tabs.options">Opzioni</label>
      <label index="pages.tabs.mount">Mount</label>
      <label index="pages.tabs.shortcut">Shortcut</label>
      <label index="pages.tabs.url">URL</label>
      <label index="pages.tabs.extended">Extended</label>
      <label index="pages.tabs.appearance">Stile</label>
      <label index="pages.tabs.behaviour">Comportamento</label>
      <label index="pages.no_cache">No Cache:</label>
      <label index="pages.no_cache_formlabel">Cache</label>
      <label index="pages.no_cache_checkbox_1_formlabel">Disabilita</label>
      <label index="pages.no_search">No Ricerca:</label>
      <label index="pages.no_search_formlabel">Includi della Ricerca</label>
      <label index="pages.no_search_checkbox_1_formlabel">Disabilita</label>
      <label index="pages.shortcut_mode">Tipo di Shortcut:</label>
      <label index="pages.shortcut_mode_formlabel">Tipo di Shortcut</label>
      <label index="pages.shortcut_mode.I.0">Pagina selezionata</label>
      <label index="pages.shortcut_mode.I.1">Prima sottopagina</label>
      <label index="pages.shortcut_mode.I.2">Una sottopagina a caso</label>
      <label index="pages.shortcut_mode.I.3">Pagina superiore</label>
      <label index="pages.shortcut_formlabel">Destinazione dello shortcut</label>
      <label index="pages.content_from_pid">Mostra il contenuto di questa pagina:</label>
      <label index="pages.content_from_pid_formlabel">Con il contenuto della pagina selezionata</label>
      <label index="pages.mount_pid">Mount Point (avanzato):</label>
      <label index="pages.mount_pid_formlabel">Mounted page</label>
      <label index="pages.mount_pid_ol">Sostituisci Mount Point (questa pagina) con la pagina:</label>
      <label index="pages.mount_pid_ol_formlabel">Mostra contenuto di</label>
      <label index="pages.mount_pid_ol.I.0">Questa pagina</label>
      <label index="pages.mount_pid_ol.I.1">Pagina montata</label>
      <label index="pages.abstract">Abstract:</label>
      <label index="pages.abstract_formlabel">Utilizzato internamente per teaser e menu</label>
      <label index="pages.keywords_formlabel">Keywords (SEO)</label>
      <label index="pages.description_formlabel">Descrizione (SEO)</label>
      <label index="pages.author_formlabel">Nome autore</label>
      <label index="pages.author_email_formlabel">Email autore</label>
      <label index="pages.media">Files:</label>
      <label index="pages.media_formlabel">Allegati a questa pagina</label>
      <label index="pages.php_tree_stop_formlabel">Interrompi Albero Pagine</label>
      <label index="pages.is_siteroot">E' radice del sito web:</label>
      <label index="pages.is_siteroot_formlabel">Usa come Pagina Radice del sito</label>
      <label index="pages.module">Contiene il plugin:</label>
      <label index="pages.module_formlabel">Plugin selezionato</label>
      <label index="pages.module.I.1">Shop</label>
      <label index="pages.module.I.2">Forum</label>
      <label index="pages.module.I.3">News</label>
      <label index="pages.module.I.4">Utenti Web</label>
      <label index="pages.module.I.5">Direct Mail</label>
      <label index="pages.module.I.6">Approvals</label>
      <label index="pages.l18n_cfg">Configurazione traduzioni:</label>
      <label index="pages.l18n_cfg_formlabel">Traduzione</label>
      <label index="pages.l18n_cfg.I.1">Nascondi la traduzione di default della pagina</label>
      <label index="pages.l18n_cfg.I.2">Nascondi la pagina se non esiste traduzione nella lingua corrente</label>
      <label index="pages.l18n_cfg.I.2a">Mostra la pagina anche se non ne esiste la traduzione nella lingua corrente</label>
      <label index="pages.fe_login_mode">Modalità Login:</label>
      <label index="pages.fe_login_mode_formlabel">Comportamento Login</label>
      <label index="pages.fe_login_mode.disable">Disabilita</label>
      <label index="pages.fe_login_mode.enable">Abilita Login</label>
      <label index="pages.fe_login_mode.disableAll">Disabilita Login</label>
      <label index="pages.fe_login_mode.disableGroups">Abilita login utente, Disabilita Gruppi utenti</label>
      <label index="pages.fe_login_mode.enableAgain">Riabilita i logins</label>
      <label index="pages.storage_pid_formlabel">Pagina</label>
      <label index="pages.TSconfig_formlabel">TSconfig</label>
      <label index="pages.backend_layout_formlabel">Layout Backend (solo questa pagina)</label>
      <label index="pages.backend_layout_next_level_formlabel">Layout Backend (sottopagine di questa)</label>
      <label index="pages.backend_layout.none">Nessuno</label>
      <label index="tt_content">Contenuto Pagina</label>
      <label index="fe_users">Utente Web</label>
      <label index="fe_users.username">Nome Utente:</label>
      <label index="fe_users.password">Password:</label>
      <label index="fe_users.usergroup">Gruppi:</label>
      <label index="fe_users.lockToDomain">Blocca al dominio:</label>
      <label index="fe_users.tabs.personelData">Dati personali</label>
      <label index="fe_users.tabs.access">Accesso</label>
      <label index="fe_users.tabs.options">Opzioni</label>
      <label index="fe_users.tabs.extended">Extended</label>
      <label index="fe_groups">Gruppo Utenti web</label>
      <label index="fe_groups.title">Nome del Gruppo:</label>
      <label index="fe_groups.lockToDomain">Blocca al dominio:</label>
      <label index="fe_groups.subgroup">Sottogruppi:</label>
      <label index="fe_groups.tabs.options">Opzioni</label>
      <label index="fe_groups.tabs.extended">Extra</label>
      <label index="sys_domain">Dominio</label>
      <label index="sys_domain.domainName">Dominio:</label>
      <label index="sys_domain.redirectTo">Reindirizza a:</label>
      <label index="sys_domain.redirectHttpStatusCode">HTTP Status Code del Redirect:</label>
      <label index="sys_domain.redirectHttpStatusCode.301">Spostato permanentemente (301)</label>
      <label index="sys_domain.redirectHttpStatusCode.302">Trovato (302)</label>
      <label index="sys_domain.redirectHttpStatusCode.303">Guarda altro (303)</label>
      <label index="sys_domain.redirectHttpStatusCode.307">Spostato temporaneamente (307)</label>
      <label index="sys_domain.prepend_params">Trasferisci i parametri all'URL:</label>
      <label index="sys_domain.forced">Aggiungi sempre questo dominio nel links:</label>
      <label index="sys_template">Template</label>
      <label index="sys_template.title">Nome template:</label>
      <label index="sys_template.root">Rootlevel:</label>
      <label index="sys_template.clear">Pulisci:</label>
      <label index="sys_template.sitetitle">Titolo Sito Web:</label>
      <label index="sys_template.constants">Costanti:</label>
      <label index="sys_template.resources">Risorse:</label>
      <label index="sys_template.nextLevel">Template del prossimo livello:</label>
      <label index="sys_template.include_static_file">Includi static (dalle estensioni):</label>
      <label index="sys_template.basedOn">Includi template di base:</label>
      <label index="sys_template.includeStaticAfterBasedOn">Includi static DOPO basedOn:</label>
      <label index="sys_template.config">Setup:</label>
      <label index="sys_template.editorcfg">Configurazione Editor Backend:</label>
      <label index="sys_template.description">Descrizione:</label>
      <label index="sys_template.static_file_mode">Files Template Statici dalle estensioni TYPO3</label>
      <label index="sys_template.static_file_mode.0">Predefinito (Incluso prima se il Root-flag è selezionato)</label>
      <label index="sys_template.static_file_mode.1">Includi sempre prima di questo record di template</label>
      <label index="sys_template.static_file_mode.2">Mai includere prima di questo record di template</label>
      <label index="sys_template.basedOn_add">Aggiungi nuovo template di base</label>
      <label index="sys_template.tabs.files">Risorse</label>
      <label index="sys_template.tabs.include">Includi</label>
      <label index="sys_template.tabs.options">Opzioni</label>
      <label index="sys_template.tabs.access">Accesso</label>
      <label index="pages_language_overlay">Lingua alternativa</label>
      <label index="backend_layout">Layout Backend</label>
      <label index="backend_layout.title">Titolo</label>
      <label index="backend_layout.description">Descrizione</label>
      <label index="backend_layout.config">Configurazione</label>
      <label index="backend_layout.wizard">Wizard</label>
      <label index="backend_layout.icon">Icona</label>
    </languageKey>
  </data>
</T3locallangExt>
